¶ La maniere ⁊ fassõ	¶ La maniere et fasson
quon tiẽt en baillant le sainct ba¬	qu’on tient en baillant le sainct ba¬
ptesme en la saincte cõgregation	ptesme en la saincte congregation
de dieu: ⁊ en espousant ceulx qui	de dieu: et en espousant ceulx qui
la saĩcte Cene de nostre seigñr/	la saincte Cene de nostre seigneur/
es lieux lesq̃lz dieu de sa grace a	es lieux lesquelz dieu de sa grace a
uisite/ faisãt q̃ selõ sa saincte pa¬	visite/ faisant que selon sa saincte pa¬
rolle ce quil a deffẽdu en sõ eglise	rolle ce qu’il a deffendu en son eglise
de soit tenu. Aussi la ma¬	de soit tenu. Aussi la ma¬
niere cõmẽt la predica¬	niere comment la predica¬
tion cõmẽce/ moyẽne	tion commence/ moyenne
⁊ finit/ auec les	et finit/ avec les
tatiõs quon	tations qu’on
faict a	faict a
tous ⁊ pour tous/ ⁊ de la	tous et pour tous/ et de la
uisitation des	visitation des
Chrestiens pour lhõneur de	Chrestiens pour l’honneur de
dieu nostre tresbon pere/ ne regar	dieu nostre tres bon pere/ ne regar¬
dez les coustumes ne le temps ⁊	dez les coustumes ne le temps et
annees/ ne les hõmes/ ne la mul	annees/ ne les hommes/ ne la mul¬
auoir/ soit en sciẽce/ uertu/ doctri¬	avoir/ soit en science/ vertu/ doctri¬
ne/ saĩctete/ ou autorite: mesmes	ne/ sainctete/ ou autorite: mesmes
quant ce seroit ung ange du ciel/	quant ce seroit ung ange du ciel/
mais seulemẽt pensez/ regardez/	mais seulement pensez/ regardez/
bon sauueur Iesus a ordonne et	bon sauveur Jesus a ordonne et
commande/ duquel le pere dit.	commande/ duquel le pere dit.
Cestuy est mon filz bien ayme	Cestuy est mon filz bien ayme
ouyez le. Matth.17.A.	ouyez le. Matth.17.A.
mine. Psal.113.B.	mine. Psal.113.B.
Esprouuez les esperitz silz sont	Esprouvez les esperitz s’ilz sont
de dieu. 1.Ioã.4.A.	de dieu. 1.Joã.4.A.
Preface.	Preface.
uant nostre sauueur et	uant nostre sauveur et
redempteur cõuersoit uisi	redempteur conversoit visi¬
blement en ce monde/ au	blement en ce monde/ au
tẽps de sõ humilite/ pour parfai¬	temps de son humilite/ pour parfai¬
auoit este cõmande/ secourãt aux	avoit este commande/ secourant aux
poures/ guerissant les malades/	povres/ guerissant les malades/
preschant lannee de grace ⁊ de re	preschant l’annee de grace et de re¬
mission/ ⁊ cõmẽt le pere de sa tres¬	mission/ et comment le pere de sa tres
ne son seul filz pour sauuer le mõ	ne son seul filz pour sauver le mon¬
de/ affin que tous ceulx qui croy¬	de/ affin que tous ceulx qui croy¬
royent en luy eussent la uie eter¬	royent en luy eussent la vie eter¬
nelle. Lhomicide/ le mẽteur/ lad¬	nelle. L’homicide/ le menteur/ l’ad¬
par les siẽs/ sur lesquelz il auoit	par les siens/ sur lesquelz il avoit
la puissance ⁊ le regne/ blasmant	la puissance et le regne/ blasmant
⁊ uituperãt ce bon sauueur/ disãt	et vituperant ce bon sauveur/ disant
quil estoit ung gourmãd ⁊ yurõ¬	qu’il estoit ung gourmand et yvron¬
gne/ amy des publicains ⁊ des	gne/ amy des publicains et des
pecheurs/ samaritain/ hereticq̃/	pecheurs/ samaritain/ hereticque/
ayant le diable au corps/ faisant	ayant le diable au corps/ faisant
ce qͥl faisoit par la vertu de Beel¬	ce qu’il faisoit par la vertu de Beel¬
soit la loy de dieu. Sur quoy le	soit la loy de dieu. Sur quoy le
sauueur admonnestant les siens	sauveur admonnestant les siens
des choses aduenir dit. Cõme il	des choses advenir dit. Comme il
a este persecute/ ainsi ilz serõt ꝑse	a este persecute/ ainsi ilz seront perse¬
me sur luy. Auiourdhuy nous	me sur luy. Aujourdhuy nous
uoyons cecy estre accõply/ ainsi	voyons cecy estre accomply/ ainsi
comme par auãt il a este faict es	comme par avant il a este faict es
apostres ⁊ autres seruiteurs de	apostres et autres serviteurs de
mortz/ les grosses persecutions/	mortz/ les grosses persecutions/
sur ceulx qui ueullẽt suyure pure	sur ceulx qui veullent suyvre pure¬
mẽt leuãgile/ la ou les successeͬs	ment l’evangile/ la ou les successeurs
des scribes ⁊ pharisiẽs/ destituez	des scribes et pharisiens/ destituez
de uerite/ de la sapiẽce de dieu ont	de verite/ de la sapience de dieu ont
puissance/ ⁊ peuuẽt selon leur de¬	puissance/ et peuvent selon leur de¬
sir cõduyre la puissance ordonnee	sir conduyre la puissance ordonnee
de dieu/ le glaiue/ a qui appartiẽt	de dieu/ le glaive/ a qui appartient
mauuais/ cõment ilz enraigent	mauvais/ comment ilz enraigent
apres le sang des iustes/ ne desi¬	apres le sang des justes/ ne desi¬
rant que la mort diceulx/ uoyre	rant que la mort d’iceulx/ voyre
aucuns mesmes dẽtre eulx font	aucuns mesmes d’entre eulx font
tant horriblemẽt les poures qͥlz	tant horriblement les povres qu’ilz
peuuent tenir en leurs mains/ cõ	peuvent tenir en leurs mains/ com¬
me si par force ⁊ tormẽtz lon deb¬	me si par force et tormentz l’on deb¬
uoit tirer les gens a Iesus ⁊ a la	voit tirer les gens a Jesus et a la
mãde doulceur ⁊ benignite/ ⁊ que	mande doulceur et benignite/ et que
par lenite ⁊ toute benignite luy ⁊	par lenite et toute benignite luy et
ses apostres ayẽt uoulu tirer les	ses apostres ayent voulu tirer les
pecheurs sans tirer autre glaiue	pecheurs sans tirer autre glaive
que la parolle/ qui est le glaiue de	que la parolle/ qui est le glaive de
lesperit/ ⁊ la ou ilz ne peuuẽt exe¬	l’esperit/ et la ou ilz ne peuvent exe¬
cuter leur uolunte meurtriere/ ⁊	cuter leur volunte meurtriere/ et
faire tuer: par mẽsonges toutes	faire tuer: par mensonges toutes
mer la saĩcte doctrine de nr̃e sei¬	mer la saincte doctrine de nostre sei¬
gneur/ ⁊ ceulx qui la tiennẽt. Ne	gneur/ et ceulx qui la tiennent. Ne
crient ilz point/ que ces maulditz	crient ilz point/ que ces maulditz
chiens hereticques qui ueulẽt te	chiens hereticques qui veulent te¬
me bestes/ renõceans tout/ ne te¬	me bestes/ renonceans tout/ ne te¬
nãt ne foy ne loy/ renõceãs tous	nant ne foy ne loy/ renonceans tous
les sacremens/ ⁊ quilz ne ueulẽt	les sacremens/ et qu’ilz ne veulent
point baptiser/ ⁊ ne tiennẽt rien	point baptiser/ et ne tiennent rien
gneur/ quilz mesprisent la uierge	gneur/ qu’ilz mesprisent la vierge
marie/ ⁊ les sainctz ⁊ sainctes/ et	marie/ et les sainctz et sainctes/ et
qͥlz nont point de mariage? Qui	qu’ilz n’ont point de mariage? Qui
uouldroit et pourroit racompter	vouldroit et pourroit racompter
tout ce que ces poures gẽs disẽt?	tout ce que ces povres gens disent?
ausquelz nostre seigñr face mercy	ausquelz nostre seigneur face mercy
⁊ leur donne intelligence/ princi¬	et leur donne intelligence/ princi¬
palement a ceulx qui pechẽt par	palement a ceulx qui pechent par
sent ueoir la uerite/ ⁊ auoir pleine	sent veoir la verite/ et avoir pleine
intelligence des choses commẽt	intelligence des choses comment
elles passent/ ⁊ par ainsi cõgnoi¬	elles passent/ et par ainsi congnoi¬
stre ceulx qui mentẽt si hardimẽt/	stre ceulx qui mentent si hardiment/
uertemẽt on faict ⁊ dit es eglises/	vertement on faict et dit es eglises/
lesquelles dieu par sa grace a uisi	lesquelles dieu par sa grace a visi¬
te/ ⁊ faict uenir a la reformation	te/ et faict venir a la reformation
du sainct euãgile/ les blasmans ⁊	du sainct evangile/ les blasmans et
dieu ⁊ raisõ. Et affin quon se dõne	dieu et raison. Et affin qu’on se donne
garde quilz ne decoiuẽt ⁊ ne don¬	garde qu’ilz ne decoivent et ne don¬
nent entendre leurs mensonges	nent entendre leurs mensonges
pour uerite/ icy a tous fideles est	pour verite/ icy a tous fideles est
presẽtee la forme ⁊ maniere quon	presentee la forme et maniere qu’on
tiẽt en baptisant/ les exhortatiõs	tient en baptisant/ les exhortations
⁊ prieres/ qui sont faictes au ba¬	et prieres/ qui sont faictes au ba¬
tesme. Semblablemẽt au sainct	tesme. Semblablement au sainct
⁊ table de nostre seigñr/ tout en	et table de nostre seigneur/ tout en
langaige cõmun a ceulx qui sont	langaige commun a ceulx qui sont
presens/ cõme porte la saincte do¬	presens/ comme porte la saincte do¬
ctrine de dieu/ en laquelle cecy est	ctrine de dieu/ en laquelle cecy est
ueoir ⁊ entẽdre/ sans regarder cõ¬	veoir et entendre/ sans regarder com¬
mẽt ont faict les anciẽs/ lesquelz	ment ont faict les anciens/ lesquelz
plus tost lon doibt appeller nou¬	plus tost l’on doibt appeller nou¬
ueaulx/ qͥ ont presume changer ⁊	veaulx/ qui ont presume changer et
Iesus/ meslant leur farine auec	Jesus/ meslant leur farine avec
la saincte doctrine ⁊ institution	la saincte doctrine et institution
de nostre sauueur. Car le seigñr	de nostre sauveur. Car le seigneur
dieu nous cõmande de ne chemi	dieu nous commande de ne chemi¬
ner es cõmandemens de noz pe¬	ner es commandemens de noz pe¬
res/ ne garder leurs iustices/ ne	res/ ne garder leurs justices/ ne
estre pollutz en leͬs ydoles/ pour¬	estre pollutz en leurs ydoles/ pour¬
tãt quil est nostre dieu. Parquoy	tant qu’il est nostre dieu. Parquoy
mãdemens/ les garder/ ⁊ les fai¬	mandemens/ les garder/ et les fai¬
re. Dõc personne ne cherche icy	re. Donc personne ne cherche icy
les adiuremens ⁊ cõiuratiõs des	les adjuremens et conjurations des
prestres desquelz ilz adiurent le	prestres desquelz ilz adjurent le
fans/ ⁊ quilz fussẽt demoniacles/	fans/ et qu’ilz fussent demoniacles/
ueu que le filz de dieu ne les a re¬	veu que le filz de dieu ne les a re¬
ceu en telle maniere. Ainsi fault	ceu en telle maniere. Ainsi fault
entẽdre de leaue adiuree ⁊ enchã	entendre de l’eaue adjuree et enchan¬
flent/ disans que le sainct esprit	flent/ disans que le sainct esprit
descẽde en la fõtaine dicelle eaue.	descende en la fontaine d’icelle eaue.
Car le saĩct esprit na son lieu ne	Car le sainct esprit n’a son lieu ne
habitation es eaues: mais au	habitation es eaues: mais au
cueur du fidele. Le sel/ crachatz ⁊	cueur du fidele. Le sel/ crachatz et
huyle ne sont icy: mais apres la	huyle ne sont icy: mais apres la
saincte priere ⁊ enseignemẽt/ lon	saincte priere et enseignement/ l’on
baptise deaue pure ⁊ nette/ cõme	baptise d’eaue pure et nette/ comme
stres ont faict. Ainsi est faict et	stres ont faict. Ainsi est faict et
garde au sainct mariage/ ou tou¬	garde au sainct mariage/ ou tou¬
tes ces barbouilleries de chap¬	tes ces barbouilleries de chap¬
pes ⁊ autres fassons de faire/ qui	pes et autres fassons de faire/ qui
pture sont reiectees/ comme en la	pture sont rejectees/ comme en la
saincte table de nostre seigñr/ ce	saincte table de nostre seigneur/ ce
qui est repugnant a la parolle a	qui est repugnant a la parolle a
este oste. Tachant neãtmoins le	este oste. Tachant neantmoins le
mer a la petitesse des infirmes/	mer a la petitesse des infirmes/
affin quilz ne soyent offensez en	affin qu’ilz ne soyent offensez en
rien. Et croy quil nya persõne qͥ	rien. Et croy qu’il n’y a personne qui
ayme ⁊ craigne nostre seigñr qui	ayme et craigne nostre seigneur qui
ne prẽne plaisir de ueoir et ouyr	ne prenne plaisir de veoir et ouyr
cecy cõment il sert a la gloire de	cecy comment il sert a la gloire de
nostre seigñr/ ⁊ a ledification de	nostre seigneur/ et a l’edification de
son eglise: laquelle nostre seigñr	son eglise: laquelle nostre seigneur
farine Degypte/ ⁊ du leuain des	farine D’egypte/ et du levain des
pharisiẽs/ la reduisant a la pure¬	pharisiens/ la reduisant a la pure¬
te ⁊ simplicite euãgelicque/ affin	te et simplicite evangelicque/ affin
que tout soit faict ⁊ dit en icelle	que tout soit faict et dit en icelle
¶ Declaration du sainct	¶ Declaration du sainct
baptesme.	baptesme.
L	L¬
E baptesme duquel on	E baptesme duquel on
nostre seigneur a uoulu	nostre seigneur a voulu
estre baptise pour accõplir toute	estre baptise pour accomplir toute
iustice/ cõme aussi il a uoulu estre	justice/ comme aussi il a voulu estre
circoncis/ ⁊ duquel il a cõmande	circoncis/ et duquel il a commande
que ses disciples ⁊ apostres bapti	que ses disciples et apostres bapti¬
sassent. Et cestuy baptesme est ui	sassent. Et cestuy baptesme est vi¬
sible ⁊ materiel qͥ ne faict la per¬	sible et materiel qui ne faict la per¬
sõne bõne ou mauuaise. Car les	sonne bonne ou mauvaise. Car les
cepuoir/ cõme il appert en lescri¬	cepvoir/ comme il appert en l’escri¬
pture de Symõ magus ⁊ de saĩct	pture de Symon magus et de sainct
Paul. Et ne fault attribuer a ce	Paul. Et ne fault attribuer a ce
baptesme cõme ont faict les do¬	baptesme comme ont faict les do¬
sentẽces/ quil dõne grace: uirtu¬	sentences/ qu’il donne grace: virtu¬
te operis operati/ cõme ilz disent	te operis operati/ comme ilz disent
⁊ songẽt. Car le seul baptesme q̃	et songent. Car le seul baptesme que
iesus donne/ sauue/ purge/ ⁊ net¬	jesus donne/ sauve/ purge/ et net¬
esperit ⁊ de feu/ cõe saĩct Iehã di¬	esperit et de feu/ comme sainct Jehan di¬
soit/ qͥl baptisoit deaue en renou¬	soit/ qu’il baptisoit d’eaue en renou¬
uellemẽt de uie: mais celuy qͥ ve¬	vellement de vie: mais celuy qui ve¬
noit ap̃s baptiseroit du saĩct espe	noit apres baptiseroit du sainct espe¬
rit ⁊ de feu. Cõe aussi saĩct Pier¬	rit et de feu. Comme aussi sainct Pier¬
re dit de ceulx qui auoyẽt este ba	re dit de ceulx qui avoyent este ba¬
ptisez du saĩct esperit. Peult au¬	ptisez du sainct esperit. Peult au¬
cun deffendre q̃ ceulx icy qui ont	cun deffendre que ceulx icy qui ont
ne soyẽt baptisez deaue? Le saĩct	ne soyent baptisez d’eaue? Le sainct
baptesme de Iesus qui est inuisi¬	baptesme de Jesus qui est invisi¬
ble/ interieur/ en lame/ quant le	ble/ interieur/ en l’ame/ quant le
sainct esprit est dõne/ nest lie a ce	sainct esprit est donne/ n’est lie a ce¬
mais au seul plaisir de dieu/ qui	mais au seul plaisir de dieu/ qui
dõne grace/ foy/ ⁊ salut. Mais le	donne grace/ foy/ et salut. Mais le
baptesme par lequel uisiblement	baptesme par lequel visiblement
on est receu en leglise entre les	on est receu en l’eglise entre les
estre prins sans demãder linuisi	estre prins sans demander l’invisi¬
ble qui est desperit/ ⁊ que ainsi cõ	ble qui est d’esperit/ et que ainsi com¬
me uisiblemẽt lon est receu entre	me visiblement l’on est receu entre
les chrestiens: ainsi par grace on	les chrestiens: ainsi par grace on
soit des urays enfans de dieu/ le	soit des vrays enfans de dieu/ le
temps nest cõstitue/ ne lieu aussi/	temps n’est constitue/ ne lieu aussi/
a ceulx qͥ doibuẽt estre baptisez/	a ceulx qui doibvent estre baptisez/
la charite ⁊ edification de leglise	la charite et edification de l’eglise
cecy. Cest quen plaine cõgrega¬	cecy. C’est qu’en plaine congrega¬
tion des fideles lon donne le ba¬	tion des fideles l’on donne le ba¬
ptesme: affin que celuy qui est ba¬	ptesme: affin que celuy qui est ba¬
ptise soit receu ⁊ repute de tous	ptise soit receu et repute de tous
prient pour luy que de cueur il	prient pour luy que de cueur il
soit chrestien/ comme exterieure	soit chrestien/ comme exterieure¬
mẽt il est estime. Car nest cõue¬	ment il est estime. Car n’est conve¬
nable que ce qui se faict au nom	nable que ce qui se faict au nom
ly/ cõme le plus souuent aduiẽt/	ly/ comme le plus souvent advient/
quil nya que fort petit nõbre en	qu’il n’y a que fort petit nombre en
baptisãt. Et ne fault estimer estre	baptisant. Et ne fault estimer estre
chose a mespriser dassister au	chose a mespriser d’assister au
saĩct baptesme. Car la ung cha¬	sainct baptesme. Car la ung cha¬
scun est admõneste/ ⁊ peult enten	scun est admonneste/ et peult enten¬
dre a quoy est tenu celuy qui est	dre a quoy est tenu celuy qui est
baptise/ ⁊ cõment il doibt uiure:	baptise/ et comment il doibt vivre:
de faire ⁊ tenir ce a quoy on est	de faire et tenir ce a quoy on est
oblige. Pourtãt on uiẽt p̃sẽter les	oblige. Pourtant on vient presenter les
enfans/ ce q̃ doibuẽt faire ceulx	enfans/ ce que doibvent faire ceulx
a qui plus pres touchent les en¬	a qui plus pres touchent les en¬
en a baille la charge. Donc quãt	en a baille la charge. Donc quant
les plus prochains en bonne asse	les plus prochains en bonne asse¬
ction les uiennent presenter au	ction les viennent presenter au
seruiteur du peuple en la parolle/	serviteur du peuple en la parolle/
Nostre ayde soit au nom de dieu	Nostre ayde soit au nom de dieu
qui a faict le ciel ⁊ la terre.	qui a faict le ciel et la terre.
Amen.	Amen.
Du baptesme.	Du baptesme.
Presẽtez uoꝰ cest enfãt a dieu/	Presentez vous cest enfant a dieu/
⁊ a sa saincte eglise ⁊ congrega¬	et a sa saincte eglise et congrega¬
tion/ demãdans qͥl soit baptise?	tion/ demandans qu’il soit baptise?
¶ Respondent	¶ Respondent
¶ Le seruiteur.	¶ Le serviteur.
Le sainct esperit par la bou¬	Le sainct esperit par la bou¬
che de sainct Paul nous admon	che de sainct Paul nous admon¬
neste ⁊ cõmãde de prier poͬ tous/	neste et commande de prier pour tous/
tous soyent sauuez/ et que tous	tous soyent sauvez/ et que tous
uiennẽt a la cõgnoissance de ueri	viennent a la congnoissance de veri¬
te a quoy il a dõne son filz en re¬	te a quoy il a donne son filz en re¬
demptiõ de noz ames/ pourquoy	demption de noz ames/ pourquoy
pour lautre. Nous prierons donc	pour l’autre. Nous prierons donc
pour cest enfant/ q̃ dieu luy doint	pour cest enfant/ que dieu luy doint
uraye ⁊ uiue foy: ⁊ que le baptes¬	vraye et vive foy: et que le baptes¬
me uisible et exterieur luy soit	me visible et exterieur luy soit
uray signe du baptesme inuisible	vray signe du baptesme invisible
⁊ interieur/ lequel de sa grace luy	et interieur/ lequel de sa grace luy
plaise donner par son sainct espe¬	plaise donner par son sainct espe¬
rit/ Nous dirons donc de cueur	rit/ Nous dirons donc de cueur
Nostre pere qui es es cieulx/	Nostre pere qui es es cieulx/
sanctifie soit tõ nom/ ton royaul¬	sanctifie soit ton nom/ ton royaul¬
me aduiẽgne/ ta uolunte soit fai¬	me adviengne/ ta volunte soit fai¬
cte en la terre cõme au ciel/ donne	cte en la terre comme au ciel/ donne
dien/ ⁊ nous pardonne noz offen¬	dien/ et nous pardonne noz offen¬
ses: ainsi que nous pardonnons	ses: ainsi que nous pardonnons
a ceulx qui nous offensent/ ⁊ ne	a ceulx qui nous offensent/ et ne
nous induitz point en tentation:	nous induitz point en tentation:
Dieu tout puissant pere eter¬	Dieu tout puissant pere eter¬
nel/ plain de toute misericorde/	nel/ plain de toute misericorde/
qui de ta bonte nous as promis	qui de ta bonte nous as promis
destre nostre dieu ⁊ de noz enfãs/	d’estre nostre dieu et de noz enfans/
ainsi que de Abraham ⁊ des siẽs/	ainsi que de Abraham et des siens/
nous te prions ⁊ humblemẽt re¬	nous te prions et humblement re¬
querons/ que tu donnes a cest en¬	querons/ que tu donnes a cest en¬
fant ton sainct esperit/ le receuãt	fant ton sainct esperit/ le recevant
lordonnãce de ton ꝓpos immua¬	l’ordonnance de ton propos immua¬
ble: affin que au tẽps que tu as or¬	ble: affin que au temps que tu as or¬
donne/ il te congnoisse cõme son	donne/ il te congnoisse comme son
dieu/ te adorant ⁊ seruãt toy seul/	dieu/ te adorant et servant toy seul/
nostre baptesme ⁊ reception en ta	nostre baptesme et reception en ta
saincte assemblee que nous fai¬	saincte assemblee que nous fai¬
sons ne soit en uain: mais qͥl soit	sons ne soit en vain: mais qu’il soit
urayement baptise en la mort de	vrayement baptise en la mort de
te plaisant ⁊ estant aggreable par	te plaisant et estant aggreable par
celuy Iesuchrist ton filz nostre	celuy Jesuchrist ton filz nostre
sauueur. Amen.	sauveur. Amen.
Du baptesme.	Du baptesme.
lon doibt p̃senter les enfãs	l’on doibt presenter les enfans
a nostre seigneur.	a nostre seigneur.
Lors luy furẽt p̃sentez des en	Lors luy furent presentez des en¬
fans affin qͥl mist ses mains sur	fans affin qu’il mist ses mains sur
ples les rep̃noient. Et Iesus dit/	ples les reprenoient. Et Jesus dit/
laissez les enfans: ⁊ ne les defen	laissez les enfans: et ne les defen¬
dez poĩt de uenir a moy/ car a telz	dez point de venir a moy/ car a telz
est le royaulme des cieulx/ ⁊ mist	est le royaulme des cieulx/ et mist
Uous auez ouy cõme nostre	Vous avez ouy comme nostre
seigñr ueult que les enfans luy	seigneur veult que les enfans luy
soyent p̃sentez: car il est aussi bien	soyent presentez: car il est aussi bien
pere ⁊ sauueur des enfans/ cõme	pere et sauveur des enfans/ comme
nous/ nous luy presenterons cest	nous/ nous luy presenterons cest
enfant/ en le recepuant par le ba¬	enfant/ en le recepvant par le ba¬
ptesme en son eglise ⁊ cõmunion/	ptesme en son eglise et communion/
Du baptesme.	Du baptesme.
cte benediction. Amen.	cte benediction. Amen.
pour estre baptise?	pour estre baptise?
Apportez uous dõc cest enfãt	Apportez vous donc cest enfant
¶ Respondent/	¶ Respondent/
¶ Le seruiteur.	¶ Le serviteur.
Il est certain que nostre dieu	Il est certain que nostre dieu
est le uray dieu/ qͥ ueult estre serui	est le vray dieu/ qui veult estre servi¬
en esperit ⁊ uerite. Pourtãt uous	en esperit et verite. Pourtant vous
gation/ que uous tacherez ⁊ pren	gation/ que vous tacherez et pren¬
drez peine dinstruire ⁊ enseigner	drez peine d’instruire et enseigner
cest enfant en la saincte doctrine	cest enfant en la saincte doctrine
de nostre seigñr en sa saincte loy	de nostre seigneur en sa saincte loy
mens de dieu quil a commande	mens de dieu qu’il a commande
quon garde quãt il a dit/ Ie suis	qu’on garde quant il a dit/ Je suis
ton seigñr dieu qui tay tire de la	ton seigneur dieu qui t’ay tire de la
terre Degipte de la maisõ de ser¬	terre D’egipte de la maison de ser¬
uitude. Tu nauras poĩt dautres	vitude. Tu n’auras point d’autres
dieux deuãt moy. Tu ne feras	dieux devant moy. Tu ne feras
aucun ymage ne semblance des	aucun ymage ne semblance des
choses qui sõt au ciel la sus/ nen	choses qui sont au ciel la sus/ n’en
soubz la terre. Tu ne leur feras	soubz la terre. Tu ne leur feras
inclinatiõ/ ⁊ ne leur seruiras: car	inclination/ et ne leur serviras: car
ie suis tõ seigñr dieu fort/ ialoux	je suis ton seigneur dieu fort/ jaloux
uisitant liniquite des peres sur	visitant l’iniquite des peres sur
me generatiõ de ceulx qͥ me hais¬	me generation de ceulx qui me hais¬
sẽt. Et faisãt misericorde en mil¬	sent. Et faisant misericorde en mil¬
le generatiõs/ a ceulx qͥ maymẽt	le generations/ a ceulx qui m’ayment
⁊ gardent mes cõmãdemẽs. Tu	et gardent mes commandemens. Tu
seigneur dieu en uain/ car dieu ne	seigneur dieu en vain/ car dieu ne
tiendra point innocent celuy qui	tiendra point innocent celuy qui
prẽt son nom en uain. Ayes sou¬	prent son nom en vain. Ayes sou¬
uenance du iour du repos pour le	venance du jour du repos pour le
sanctifier. Six iours tu trauail¬	sanctifier. Six jours tu travail¬
leras ⁊ feras toute ton oeuure/ le	leras et feras toute ton oeuvre/ le
septiesme cest le repos de ton sei¬	septiesme c’est le repos de ton sei¬
gneur dieu. Tu ne feras aucune	gneur dieu. Tu ne feras aucune
le/ ne tõ seruiteur/ ne ta chãberie¬	le/ ne ton serviteur/ ne ta chamberie¬
re/ ne tõ bestiail/ ne lestrãgier qui	re/ ne ton bestiail/ ne l’estrangier qui
est dedens tes portes: car en six	est dedens tes portes: car en six
iours dieu a faict le ciel ⁊ la terre/	jours dieu a faict le ciel et la terre/
se reposa au septiesme iour. Poͬ¬	se reposa au septiesme jour. Pour¬
tant il a beneist le iour du repos	tant il a beneist le jour du repos
⁊ la sanctifie. Hõnore ton pere ⁊	et l’a sanctifie. Honnore ton pere et
ta mere affin que tes iours soyent	ta mere affin que tes jours soyent
seigñr dieu te dõne. Tu ne tue¬	seigneur dieu te donne. Tu ne tue¬
ras point. Tu ne paillarderas	ras point. Tu ne paillarderas
point. Tu ne desroberas point.	point. Tu ne desroberas point.
Tu ne diraspoint faulx tesmoi¬	Tu ne diras point faulx tesmoi¬
gnage cõtre ton ꝓchain. Tu ne	gnage contre ton prochain. Tu ne
cõuoiteraspoint la maison de ton	convoiteras point la maison de ton
ꝓchain. Tu ne ꝯuoiteras point	prochain. Tu ne convoiteras point
la femme de ton prochain/ ne son	la femme de ton prochain/ ne son
beuf/ ne son asne/ ne aultre chose	beuf/ ne son asne/ ne aultre chose
qͥ soit a luy. Et aussi luy apprẽ¬	qui soit a luy. Et aussi luy appren¬
drez la foy ⁊ creãce des urays chre	drez la foy et creance des vrays chre¬
stiens/ ⁊ la cõfession dicelle cõme	stiens/ et la confession d’icelle comme
Ie croy en dieu le pere tout puis¬	Je croy en dieu le pere tout puis¬
sant/ createur du ciel ⁊ de la terre.	sant/ createur du ciel et de la terre.
Et en Iesuchrist son seul filz no¬	Et en Jesuchrist son seul filz no¬
stre seigneur/ qui a este conceu du	stre seigneur/ qui a este conceu du
rie. A souffert soubz ponce Pila¬	rie. A souffert soubz ponce Pila¬
te/ crucifie/ mort/ ⁊ ensepuely/ est	te/ crucifie/ mort/ et ensepvely/ est
descẽdu aux enfers/ le tiers iour	descendu aux enfers/ le tiers jour
est resuscite des mortz/ est mõte es	est resuscite des mortz/ est monte es
cieulx/ se sied a la dextre de dieu	cieulx/ se sied a la dextre de dieu
le pere tout puissant/ ⁊ de la uien¬	le pere tout puissant/ et de la vien¬
dra iuger les uifz ⁊ les mortz.	dra juger les vifz et les mortz.
Ie croy au saĩct esperit/ la sain¬	Je croy au sainct esperit/ la sain¬
nion des sainctz/ la remissiõ des	nion des sainctz/ la remission des
pechez/ la resurrectiõ de la chair/	pechez/ la resurrection de la chair/
la uie eternelle. Amen.	la vie eternelle. Amen.
Lẽseignerez aussi dauoir toute	L’enseignerez aussi d’avoir toute
luy seul/ laymer de tout sõ cueur/	luy seul/ l’aymer de tout son cueur/
sens/ puissance/ ⁊ entẽdemẽt/ ⁊ son	sens/ puissance/ et entendement/ et son
prochain cõme soymesme/ ⁊ cõme	prochain comme soymesme/ et comme
uray chrestien qͥl renonce soymes¬	vray chrestien qu’il renonce soymes¬
Iesus/ portant sa croix: cest adire/	Jesus/ portant sa croix: c’est a dire/
les tribulatiõs ⁊ afflictions que	les tribulations et afflictions que
nostre seigñr luy enuoye/ tellemẽt	nostre seigneur luy envoye/ tellement
que toute sa uie soit a lhõneur de	que toute sa vie soit a l’honneur de
dieu ⁊ edificatiõ de toꝰ. Et poͬtãt	dieu et edification de tous. Et pourtant
le exhorterez ⁊ admõnesterez/ le	le exhorterez et admonnesterez/ le
corrigeãt ou il faillira ainsi que	corrigeant ou il faillira ainsi que
ung chascun est tenu a son frere	ung chascun est tenu a son frere
enseigne en la saincte doctrine de	enseigne en la saincte doctrine de
dieu. Et ainsi uous le ꝓmettez.	dieu. Et ainsi vous le promettez.
¶ Respondent/	¶ Respondent/
Ouy.	Ouy.
Demandez uous dõc que cest	Demandez vous donc que cest
enfant soit baptise?	enfant soit baptise?
¶ Respondent/	¶ Respondent/
Ouy.	Ouy.
¶ Nommez le.	¶ Nommez le.
N.	N.
Ie te baptise au nom du pere/	Je te baptise au nom du pere/
⁊ du filz/ ⁊ du sainct esperit. Amẽ.	et du filz/ et du sainct esperit. Amen.
auec la main/ deaue pure et nette/	avec la main/ d’eaue pure et nette/
sans sel ne huyle ne crachatz/ dit	sans sel ne huyle ne crachatz/ dit
en ceste maniere.	en ceste maniere.
Du mariage.	Du mariage.
grace ⁊ bonte faice que cest en¬	grace et bonte faice que cest en¬
fant qͥl a cree ⁊ forme a son ima¬	fant qu’il a cree et forme a son ima¬
ge ⁊ semblãce soit uray mẽbre de	ge et semblance soit vray membre de
Iesuchrist son filz/ portant fruict	Jesuchrist son filz/ portant fruict
Allez en paix. Nostre seigñr	Allez en paix. Nostre seigneur
soit auec uous. Faictes bonne	soit avec vous. Faictes bonne
garde de lenfant.	garde de l’enfant.
¶ Declaration du sainct	¶ Declaration du sainct
L	L¬
E sainct mariage des	E sainct mariage des
le commẽcement a este	le commencement a este
institue et ordonne de	institue et ordonne de
ne/ saincte/ ⁊ hõnorable quant est	ne/ saincte/ et honnorable quant est
deuement garde en toute purete: ⁊	deuement garde en toute purete: et
que le mary qui est le chief de la	que le mary qui est le chief de la
Du mariage.	Du mariage.
icelle hõnestement/ luy gardant	icelle honnestement/ luy gardant
foy ⁊ loyaulte/ ⁊ la femme quest	foy et loyaulte/ et la femme qu’est
faicte pour ayde a lhõme luy est	faicte pour ayde a l’homme luy est
subiecte ⁊ obeissante en tout bien	subjecte et obeissante en tout bien
son mary/ ayant soing du mesna	son mary/ ayant soing du mesna¬
ge/ en soy gardãt non seulemẽt de	ge/ en soy gardant non seulement de
mal: mais aussi de toute espece de	mal: mais aussi de toute espece de
mal/ tenãt uraye fidelite ⁊ loyaul	mal/ tenant vraye fidelite et loyaul¬
bien selon la doctrine de dieu/ pre	bien selon la doctrine de dieu/ pre¬
nans peine de uiure hõnestemẽt	nans peine de vivre honnestement
sans faire tort a nully/ en ensei¬	sans faire tort a nully/ en ensei¬
gnant les enfans que dieu leur	gnant les enfans que dieu leur
nostre seigneur/ ⁊ de uiure cõme	nostre seigneur/ et de vivre comme
dieu a cõmande. Le mariage ne	dieu a commande. Le mariage ne
se doibt faire es degrez que dieu	se doibt faire es degrez que dieu
Du mariage.	Du mariage.
ne fault faire cõscience combien	ne fault faire conscience combien
quon ne luy ayt baille de lor ou	qu’on ne luy ayt baille de l’or ou
de largent pour auoir dispense/	de l’argent pour avoir dispense/
car sans luy peult on faire ce que	car sans luy peult on faire ce que
table ⁊ promesse du sainct maria	table et promesse du sainct maria¬
ge ne se doibt faire sans le cõsen¬	ge ne se doibt faire sans le consen¬
tement des parens des deux par¬	tement des parens des deux par¬
ties: car le filz appartient au pere	ties: car le filz appartient au pere
ner: ainsi est il de la fille/ poͬ aller	ner: ainsi est il de la fille/ pour aller
deuemẽt silz ne sont emancipez.	deuement s’ilz ne sont emancipez.
Pourtant affin quen ce sainct	Pourtant affin qu’en ce sainct
estat il ny ait fraulde/ ⁊ quon ne	estat il n’y ait fraulde/ et qu’on ne
bon filz/ ⁊ de gens de biẽ le circõ¬	bon filz/ et de gens de bien le circon¬
uenãt/ luy faisant prẽdre quelque	venant/ luy faisant prendre quelque
meschãte/ auecques laquelle ia¬	meschante/ avecques laquelle ja¬
Du mariage.	Du mariage.
parẽs. Et aussi que quelque bõne	parens. Et aussi que quelque bonne
fille de gẽs de bien ne soit surprin	fille de gens de bien ne soit surprin¬
se par aucun garnemẽt/ luy dõnãt	se par aucun garnement/ luy donnant
quelque enfant perdu sans le cõ¬	quelque enfant perdu sans le con¬
a toutes telles fraudes/ par deux	a toutes telles fraudes/ par deux
ou troys dimẽches lon denõce le	ou troys dimenches l’on denonce le
mariage aduenir/ deuãt ⁊ ouyãt	mariage advenir/ devant et ouyant
toute leglise/ cõgregation/ ⁊ par¬	toute l’eglise/ congregation/ et par¬
(sil en y a) soyent notifiez/ ⁊ q̃ ce	(s’il en y a) soyent notifiez/ et que ce
beau et sainct mariage ne soit	beau et sainct mariage ne soit
faict que deuement/ et auoir faict	faict que deuement/ et avoir faict
la proclamation en toute la sain¬	la proclamation en toute la sain¬
nest trouue ne cõtradiction/ au ioͬ	n’est trouve ne contradiction/ au jour
des nopces en lassemblee. Ainsi	des nopces en l’assemblee. Ainsi
sont espousez cõme sensuyt.	sont espousez comme s’ensuyt.
Du mariage.	Du mariage.
dieu qui a faict le ciel ⁊ la terre.	dieu qui a faict le ciel et la terre.
Amen.	Amen.
Dieu nr̃e pere ap̃s auoir cree	Dieu nostre pere apres avoir cree
le ciel ⁊ la terre/ ⁊ tout ce qui est en	le ciel et la terre/ et tout ce qui est en
image ⁊ sẽblãce/ qͥ eut la domina	image et semblance/ qui eut la domina¬
tion ⁊ seigneurie sur les bestes de	tion et seigneurie sur les bestes de
la terre/ les poissõs de la mer/ les	la terre/ les poissons de la mer/ les
oyseaux du ciel/ disant ap̃s auoir	oyseaux du ciel/ disant apres avoir
soit seul/ faisõs luy une ayde sem¬	soit seul/ faisons luy une ayde sem¬
blable a luy. Et nostre seigñr fist	blable a luy. Et nostre seigneur fist
tõber ung gros sõmeil sur Adam:	tomber ung gros sommeil sur Adam:
⁊ ainsi que Adam dormoit/ dieu	et ainsi que Adam dormoit/ dieu
forma Eue/ dõnant entẽdre que	forma Eve/ donnant entendre que
lhõme ⁊ la femme ne sont qung	l’homme et la femme ne sont qu’ung
corps/ une chair/ et ung sang.	corps/ une chair/ et ung sang.
Du mariage.	Du mariage.
mere/ ⁊ est adherãt a sa fẽme. La¬	mere/ et est adherant a sa femme. La¬
quelle il doibt aymer ainsi q̃ Ie¬	quelle il doibt aymer ainsi que Je¬
sus ayme son eglise: cestadire/ les	sus ayme son eglise: c’est a dire/ les
urays fideles ⁊ chrestiens/ pour	vrays fideles et chrestiens/ pour
quil a espandu les a lauez/ pur¬	qu’il a espandu les a lavez/ pur¬
gez/ ⁊ nettoyez pour les rendre a	gez/ et nettoyez pour les rendre a
soy sans macule/ ride ne souillu¬	soy sans macule/ ride ne souillu¬
re. Et aussi la femme doibt seruir	re. Et aussi la femme doibt servir
ctete ⁊ hõnestete/ car elle est subie¬	ctete et honnestete/ car elle est subje¬
cte ⁊ en la puissance du mary tant	cte et en la puissance du mary tant
quelle uit auec luy. Et ce sainct	qu’elle vit avec luy. Et ce sainct
mariage honnorable institue de	mariage honnorable institue de
luy le mary na point la puissan¬	luy le mary n’a point la puissan¬
ce de son corps: mais la femme/	ce de son corps: mais la femme/
aussi la femme na point la puis¬	aussi la femme n’a point la puis¬
Du mariage.	Du mariage.
Parquoy conioinctz de dieu ne	Parquoy conjoinctz de dieu ne
peuuẽt estre separez fors que par	peuvent estre separez fors que par
aucũ tẽps du cõsentemẽt de lung	aucun temps du consentement de l’ung
⁊ de laultre poͬ uacquer a ieusne	et de l’aultre pour vacquer a jeusne
tentez de sathan par incõtinẽce/	tentez de sathan par incontinence/
Et pourtãt doibuẽt retourner en¬	Et pourtant doibvent retourner en¬
sẽble/ car pour euiter fornication	semble/ car pour eviter fornication
ung chascun doibt auoir sa fem¬	ung chascun doibt avoir sa fem¬
mary/ tellement que tous ceulx	mary/ tellement que tous ceulx
qui ne se peuuent contenir/ ⁊ qui	qui ne se peuvent contenir/ et qui
nont le don de continence/ sont	n’ont le don de continence/ sont
obligez par le cõmandement de	obligez par le commandement de
sainct temple de dieu: cest adire/	sainct temple de dieu: c’est a dire/
noz corps ne soyent uiolez ⁊ cor¬	noz corps ne soyent violez et cor¬
rompuz. Car puis q̃ noz corps	rompuz. Car puis que noz corps
Du mariage.	Du mariage.
dement nous est deffendu/ den	dement nous est deffendu/ d’en
faire membres de la paillarde/	faire membres de la paillarde/
parquoy on les doibt garder en	parquoy on les doibt garder en
toute sainctete: car si aucun uiole	toute sainctete: car si aucun viole
⁊ singulieremẽt au sainct estat de	et singulierement au sainct estat de
mariage/ cõme nostre seigñr bien	mariage/ comme nostre seigneur bien
demõstre/ cõmandant que la fem	demonstre/ commandant que la fem¬
me qui rompt son mariage quelle	me qui rompt son mariage qu’elle
Uous donc (nommant lespoux ⁊	Vous donc (nommant l’espoux et
lespouse) N. N. ayans con¬	l’espouse) N. N. ayans con¬
gnoissance que dieu ainsi la or¬	gnoissance que dieu ainsi l’a or¬
donne/ uoulez uous uiure en ce	donne/ voulez vous vivre en ce
a si grãdemẽt hõnore/ auez uous	a si grandement honnore/ avez vous
ung tel propos cõme uous tes¬	ung tel propos comme vous tes¬
moingnez icy deuant sa saincte	moingnez icy devant sa saincte
Du mariage.	Du mariage.
approuue?	approuve?
¶ Respondent/	¶ Respondent/
Ouy.	Ouy.
¶ Le seruiteur.	¶ Le serviteur.
icy presens en tesmoingz/ uous	icy presens en tesmoingz/ vous
priãt en auoir souuenãce/ toutes¬	priant en avoir souvenance/ toutes¬
fois sil y a aucun qͥ saiche q̃lque	fois s’il y a aucun qui saiche quelque
empeschemẽt selon q̃ dieu a deffẽ	empeschement selon que dieu a deffen¬
par mariage auec autre/ quil le	par mariage avec autre/ qu’il le
die par bonne charite.	die par bonne charite.
¶ Si personne ne contredit le mi¬	¶ Si personne ne contredit le mi¬
nistre dira ainsi.	nistre dira ainsi.
tredise/ ⁊ qͥl ny a point dẽpesche¬	tredise/ et qu’il n’y a point d’empesche¬
ment/ nostre seigneur dieu cõfer¬	ment/ nostre seigneur dieu confer¬
me uostre sainct propos qͥl uous	me vostre sainct propos qu’il vous
Du mariage.	Du mariage.
soit au nom de dieu qui a faict le	soit au nom de dieu qui a faict le
ciel ⁊ la terre. Amen.	ciel et la terre. Amen.
¶ Le ministre parlant a lespoux/	¶ Le ministre parlant a l’espoux/
dit ainsi.	dit ainsi.
uant dieu ⁊ sa saincte cõgregatiõ/	vant dieu et sa saincte congregation/
q̃ uous auez prins ⁊ prenez pour	que vous avez prins et prenez pour
uostre femme ⁊ espouse/ N.	vostre femme et espouse/ N.
icy presente/ laquelle promettez	icy presente/ laquelle promettez
fidelemẽt ainsi que ung uray et	fidelement ainsi que ung vray et
fidele mary doibt faire sa fem¬	fidele mary doibt faire sa fem¬
me/ uiuant sainctemẽt auec elle/	me/ vivant sainctement avec elle/
luy gardãt foy ⁊ loyaulte en tou¬	luy gardant foy et loyaulte en tou¬
de dieu ⁊ son sainct euangile.	de dieu et son sainct evangile.
¶ Respond/	¶ Respond/
Ouy.	Ouy.
¶ Puis parlant a lespouse/ dit.	¶ Puis parlant a l’espouse/ dit.
Du mariage.	Du mariage.
dieu ⁊ sa saincte assemblee/ que	dieu et sa saincte assemblee/ que
uous auez prins ⁊ p̃nez. N. poͬ	vous avez prins et prenez. N. pour
uostre legitime mary/ auq̃l pro¬	vostre legitime mary/ auquel pro¬
subiecte/ uiuant sainctemẽt/ luy	subjecte/ vivant sainctement/ luy
gardant foy ⁊ loyaulte en toutes	gardant foy et loyaulte en toutes
choses aĩsi q̃ une fidele ⁊ loyalle	choses ainsi que une fidele et loyalle
espouse doibt a son mary selon la	espouse doibt a son mary selon la
¶ Respond/	¶ Respond/
Ouy.	Ouy.
¶ Puis le ministre dit.	¶ Puis le ministre dit.
Le pere de toute misericorde	Le pere de toute misericorde
ce saĩct estat de mariage/ pour la¬	ce sainct estat de mariage/ pour l’a¬
mour de Iesuchrist sõ filz qui par	mour de Jesuchrist son filz qui par
sa saincte presence a sanctifie le	sa saincte presence a sanctifie le
mariage/ faisant la le premier si¬	mariage/ faisant la le premier si¬
doint son saĩct esperit/ pour par¬	doint son sainct esperit/ pour par¬
Du baptesme.	Du baptesme.
faire en ce noble estat sa saincte	faire en ce noble estat sa saincte
uolunte. Amen.	volunte. Amen.
gneur ueult que le sainct maria¬	gneur veult que le sainct maria¬
ge soit garde/ ⁊ cõme il est ferme	ge soit garde/ et comme il est ferme
⁊ indissoluble/ selon qͥl est escript	et indissoluble/ selon qu’il est escript
en sainct Matth. au .xix. chap̃.	en sainct Matthieu au .xix. chapitre.
de luy le tentant ⁊ disans. Est il	de luy le tentant et disans. Est il
loysible a lhõme de laisser sa fem	loysible a l’homme de laisser sa fem¬
me pour q̃lcõque occasion? Et re¬	me pour quelconque occasion? Et re¬
spondant leur dist. Nauez uous	spondant leur dist. N’avez vous
me des le cõmencemẽt/ il feist le	me des le commencement/ il feist le
masle ⁊ la femelle: ⁊ dist. Pource	masle et la femelle: et dist. Pour ce
lhõme delaissera pere ⁊ mere/ ⁊ se	l’homme delaissera pere et mere/ et se
adioindra a sa fẽme: ⁊ serõt deux	adjoindra a sa femme: et seront deux
sont plus deux: mais une chair/	sont plus deux: mais une chair/
Du mariage.	Du mariage.
doncques ce que dieu a cõioinct/	doncques ce que dieu a conjoinct/
lhomme ne separe point.	l’homme ne separe point.
les que nostre seigñr Iesus a pro¬	les que nostre seigneur Jesus a pro¬
ferees/ cõme le sainct Euãgeliste	ferees/ comme le sainct Evangeliste
les a recitees/ ⁊ soyez certains q̃	les a recitees/ et soyez certains que
nostre seigneur dieu uous a con	nostre seigneur dieu vous a con¬
ge: parquoy uiuez sainctement	ge: parquoy vivez sainctement
ensẽble en bõne paix ⁊ uniõ/ gar¬	ensemble en bonne paix et union/ gar¬
dãs uraye charite/ foy/ ⁊ loyaul¬	dans vraye charite/ foy/ et loyaul¬
te lung a lautre/ selon la saĩcte pa	te l’ung a l’autre/ selon la saincte pa¬
gneur uous en doint la grace.	gneur vous en doint la grace.
¶ Prions donc tous dung	¶ Prions donc tous d’ung
cueur nostre pere.	cueur nostre pere.
Dieu tout puissant/ tout bon/	Dieu tout puissant/ tout bon/
as preueu/ quil nestoit point bon	as preveu/ qu’il n’estoit point bon
Du mariage.	Du mariage.
que lhomme fust seul/ a cause de	que l’homme fust seul/ a cause de
quoy tu luy as cree une ayde sem	quoy tu luy as cree une ayde sem¬
fussẽt ung. Nous te priõs ⁊ hum¬	fussent ung. Nous te prions et hum¬
blement requerons puis quil ta	blement requerons puis qu’il t’a
pleu appeller ceulx icy au sainct	pleu appeller ceulx icy au sainct
estat de mariage/ que de ta grace	estat de mariage/ que de ta grace
uoyer ton saĩct esperit: affin quen	voyer ton sainct esperit: affin qu’en
uraye ⁊ ferme foy selon ta bonne	vraye et ferme foy selon ta bonne
uolunte ilz uiuẽt au sainct estat	volunte ilz vivent au sainct estat
de mariage/ surmontans toutes	de mariage/ surmontans toutes
remẽt/ edifiãs les aultres en tou¬	rement/ edifians les aultres en tou¬
te honnestete ⁊ chastete/ leur don	te honnestete et chastete/ leur don¬
nant ta benediction: ainsi que a	nant ta benediction: ainsi que a
tes fideles seruiteurs Abrahã/	tes fideles serviteurs Abraham/
lignee ilz te louẽt ⁊ seruẽt/ appre¬	lignee ilz te louent et servent/ appre¬
Du mariage.	Du mariage.
nans icelle ⁊ la nourrissant en ta	nans icelle et la nourrissant en ta
louenge ⁊ gloire/ et a lutilite du	louenge et gloire/ et a l’utilite du
tation de ton sainct Euangile.	tation de ton sainct Evangile.
Exaulse nous pere de misericor	Exaulse nous pere de misericor¬
de par nostre seigneur Iesuchrist	de par nostre seigneur Jesuchrist
ton treschier filz. Amen.	ton tres chier filz. Amen.
se de toutes graces/ ⁊ en tout biẽ	se de toutes graces/ et en tout bien
uous doint uiure ensemble lon¬	vous doint vivre ensemble lon¬
guement ⁊ sainctement. Allez	guement et sainctement. Allez
en paix. Dieu soit tousiours	en paix. Dieu soit tousjours
¶ Pour plusieurs causes ⁊ raisons	¶ Pour plusieurs causes et raisons
que peuuent aduenir/ il seroit bon	que peuvent advenir/ il seroit bon
escripre le nom de ceulx quon bap¬	escripre le nom de ceulx qu’on bap¬
tise/ et le iour quilz sont baptisez.	tise/ et le jour qu’ilz sont baptisez.
pouse ⁊ pareillement le iour/ en ung	pouse et pareillement le jour/ en ung
petit liuret.	petit livret.
De la cene	De la cene
¶ Declaration briefue de la	¶ Declaration briefve de la
seigneur Iesuchrist.	seigneur Jesuchrist.
T	T¬
Out ainsi que le ba¬	Out ainsi que le ba¬
ptesme quon prent uisi	ptesme qu’on prent visi¬
ption uisible/ et comme	ption visible/ et comme
ung enrolemẽt entre les fideles	ung enrolement entre les fideles
⁊ chrestiẽs/ qui porte en soy prote	et chrestiens/ qui porte en soy prote¬
station ⁊ profession de suyure Ie¬	station et profession de suyvre Je¬
nãces ⁊ uiure selon le sainct euã¬	nances et vivre selon le sainct evan¬
gile. Semblablement la saincte	gile. Semblablement la saincte
Cene/ la saincte table de nostre	Cene/ la saincte table de nostre
seigneur/ le rõpement du pain de	seigneur/ le rompement du pain de
niõ uisible auec les membres de	nion visible avec les membres de
Iesuchrist/ que ceulx qui prẽnent	Jesuchrist/ que ceulx qui prennent
de nostre seigneur.	de nostre seigneur.
⁊ rompent ung mesme pain/ sont	et rompent ung mesme pain/ sont
Iesuchrist et membres lung de	Jesuchrist et membres l’ung de
laultre/ inserez ⁊ plantez en luy/	l’aultre/ inserez et plantez en luy/
auquel ilz protestẽt ⁊ promettent	auquel ilz protestent et promettent
de perseuerer iusques a la fin/ et	de perseverer jusques a la fin/ et
⁊ de lunion quilz ont tous en dieu	et de l’union qu’ilz ont tous en dieu
par Iesuchrist. Et pour ce cõe toꝰ	par Jesuchrist. Et pour ce comme tous
les membres sont nourris dune	les membres sont nourris d’une
mesme uiande: ainsi tous les fi¬	mesme viande: ainsi tous les fi¬
⁊ boiuent dung mesme calice ui¬	et boivent d’ung mesme calice vi¬
siblemẽt sans aucune distinctiõ/	siblement sans aucune distinction/
cõme inuisiblemẽt tous doibuẽt	comme invisiblement tous doibvent
estre nourris dung mesme pain	estre nourris d’ung mesme pain
uie/ de leuãgile de salut/ uiuans	vie/ de l’evangile de salut/ vivans
tous dung mesme esperit/ dune	tous d’ung mesme esperit/ d’une
De la cene	De la cene
mesme foy. Et qui bien regarde¬	mesme foy. Et qui bien regarde¬
res aitendans la uenue de Iesu¬	res attendans la venue de Jesu¬
christ/ on trouueroit grosse cõue¬	christ/ on trouveroit grosse conve¬
nãce. Car la circõcision ne signi	nance. Car la circoncision ne signi¬
fie elle poĩt/ quon estoit de lalliã¬	fie elle point/ qu’on estoit de l’allian¬
son peuple: et cõme ung chascun	son peuple: et comme ung chascun
estant circõcis estoit du nõbre du	estant circoncis estoit du nombre du
peuple de dieu? Et ainsi estoit re¬	peuple de dieu? Et ainsi estoit re¬
ceue la circõcision. Aussi les au¬	ceue la circoncision. Aussi les au¬
bres ⁊ figures des choses adue¬	bres et figures des choses adve¬
nir qui sõt parfaictes ⁊ euacuees	nir qui sont parfaictes et evacuees
par Iesuchrist/ qui tout a cõsum¬	par Jesuchrist/ qui tout a consum¬
me: cõme primices/ offrãdes ⁊ sa¬	me: comme primices/ offrandes et sa¬
nez pour rendre graces a dieu/ en	nez pour rendre graces a dieu/ en
protestation quon uouloit perse¬	protestation qu’on vouloit perse¬
De la cene	De la cene
uerer en la loy de dieu/ ⁊ estre de	verer en la loy de dieu/ et estre de
baptesme ⁊ la saĩcte table a quoy	baptesme et la saincte table a quoy
sont ordõnez/ ⁊ lon uerra la cõue¬	sont ordonnez/ et l’on verra la conve¬
nãce. Mais lignorãce de cecy a	nance. Mais l’ignorance de cecy a
faict faillir plusieurs/ ⁊ encores	faict faillir plusieurs/ et encores
tout en la table de nostre seigñr.	tout en la table de nostre seigneur.
Car tout y est maintenãt faict ⁊	Car tout y est maintenant faict et
dit selon la tradition/ ordonnãce/	dit selon la tradition/ ordonnance/
⁊ plaisir des hõmes: ⁊ ce qͥ est dit	et plaisir des hommes: et ce qui est dit
sus a institue est soubz les piedz.	sus a institue est soubz les piedz.
derent q̃ signifie le pain de action	derent que signifie le pain de action
Qui sont ceulx qui pẽsent ⁊ cõsi¬	Qui sont ceulx qui pensent et consi¬
de graces quon doibt rompre: ⁊ le	de graces qu’on doibt rompre: et le
ceulx qui se espreuuẽt silz sõt en	ceulx qui se espreuvent s’ilz sont en
Iesus/ si lesperit de dieu est en	Jesus/ si l’esperit de dieu est en
de nostre seigneur.	de nostre seigneur.
eulx? Assez en ya qui courẽt aux	eulx? Assez en y a qui courent aux
gardãt ⁊ esprouuãt silz ont uraye	gardant et esprouvant s’ilz ont vraye
⁊ uifue foy/ par laq̃lle ilz soyent	et vifve foy/ par laquelle ilz soyent
urays filz de dieu inserez Ie¬	vrays filz de dieu inserez Je¬
suchrist cõe ses mẽbres. Le cueur	suchrist comme ses membres. Le cueur
⁊ le calice: qui leur sont presẽtez/	et le calice: qui leur sont presentez/
ausquelz toute leur pẽsee sarreste	ausquelz toute leur pensee s’arreste
les adorãt/ ⁊ lõ a este ainsi aprins.	les adorant/ et l’on a este ainsi aprins.
Et la memoire diceluy qui pour	Et la memoire d’iceluy qui pour
a la dextre du pere/ est oubliee: cõe	a la dextre du pere/ est oubliee: comme
le ꝓchain aussi: poͬ quoy principa	le prochain aussi: pour quoy principa¬
lemẽt est ordõnee la saicte table/	lement est ordonnee la saicte table/
en laq̃lle lon doibt cõuenir ensem	en laquelle l’on doibt convenir ensem¬
chain: cõme est facile a ꝯgnoistre.	chain: comme est facile a congnoistre.
Car pour aller a Iesus ie nay q̃	Car pour aller a Jesus je n’ay que
De la cene	De la cene
faire dattendre personne: ⁊ nay	faire d’attendre personne: et n’ay
hors de moy/ ueu q̃ le royaulme	hors de moy/ veu que le royaulme
de dieu est dedẽs moy: ⁊ ne peulx	de dieu est dedens moy: et ne peulx
auoir Iesus auec moy/ ne rece¬	avoir Jesus avec moy/ ne rece¬
uoir q̃ dignemẽt/ ⁊ en salut ⁊ uie.	voir que dignement/ et en salut et vie.
il en faict dignes/ des mortz ui¬	il en faict dignes/ des mortz vi¬
uans/ des iniustes ⁊ pecheurs/	vans/ des injustes et pecheurs/
iustes ⁊ saĩctz. Mais il nest ainsi	justes et sainctz. Mais il n’est ainsi
du baptesme/ ne de la saincte ta¬	du baptesme/ ne de la saincte ta¬
cueur faint ⁊ dõnant aultrement	cueur faint et donnant aultrement
entẽdre quil ne croit/ prent le ba¬	entendre qu’il ne croit/ prent le ba¬
ptesme cõme hypocrite/ il prẽt sa	ptesme comme hypocrite/ il prent sa
condẽnation/ cõme celuy qui uiẽt	condemnation/ comme celuy qui vient
esgard a son prochain/ mesprisãt	esgard a son prochain/ mesprisant
les fideles/ qͥ sõt leglise de nostre	les fideles/ qui sont l’eglise de nostre
Luc.17.e	Luc.17.e
mat.18.b	mat.18.b
1.Timo.	1.Timo.
1.c.d.	1.c.d.
1.corĩ.11.c	1.corĩ.11.c
De la cene	De la cene
a par soy ⁊ nõ auec la saincte cõ¬	a par soy et non avec la saincte con¬
gregation le pain de nr̃e seigñr/	gregation le pain de nostre seigneur/
mẽgeãt ⁊ estãt soul/ ou sõ ꝓchain	mengeant et estant soul/ ou son prochain
meurt de fain/ ne faisant ⁊ exer¬	meurt de fain/ ne faisant et exer¬
Car cõmẽt est la foy qui oeuure	Car comment est la foy qui oeuvre
par charite/ et la charite de dieu	par charite/ et la charite de dieu
en celuy qͥ uoit son frere auoir ne	en celuy qui voit son frere avoir ne¬
cessite ⁊ ne luy ayde? Comment	cessite et ne luy ayde? Comment
peche ⁊ iniqͥte/ cõpaignõ des infi	peche et iniquite/ compaignon des infi¬
deles en leurs idolatries/ paillar	deles en leurs idolatries/ paillar¬
dises/ larrecĩs/ haynes/ ⁊ aultres	dises/ larrecins/ haynes/ et aultres
abominatiõs/ soy mesler ⁊ appro	abominations/ soy mesler et appro¬
corps de Christ/ ne faisãt differẽ	corps de Christ/ ne faisant differen¬
ce du corps de Christ ⁊ Dante¬	ce du corps de Christ et D’ante¬
christ/ des chrestiẽs ⁊ des ĩfideles/	christ/ des chrestiens et des infideles/
De la cene	De la cene
Qui biẽ regardera despuis le .8.	Qui bien regardera despuis le .8.
de la premiere aux Corinthiẽs	de la premiere aux Corinthiens
iusques au .13. uoire et le .14.	jusques au .13. voire et le .14.
Semblablement ce que sainct	Semblablement ce que sainct
apres quil eust faict sa cene/ par¬	apres qu’il eust faict sa cene/ par¬
lãt a ses apostres/ au .13.14.15.	lant a ses apostres/ au .13.14.15.
16. ⁊ ce qͥ est dit au .17. il aura de	16. et ce qui est dit au .17. il aura de
ce qui a este dit plus pleine intel¬	ce qui a este dit plus pleine intel¬
table de nostre seigñr doibt auoir	table de nostre seigneur doibt avoir
ferme foy en nostre seigñr dieu: et	ferme foy en nostre seigneur dieu: et
en nostre sauueur Iesus: ⁊ q̃lle cha	en nostre sauveur Jesus: et quelle cha¬
rite uers le ꝓchain/ se separãt des	rite vers le prochain/ se separant des
mẽt ⁊ pourquoy il doibt rõpre le	ment et pourquoy il doibt rompre le
pain de nostre seigñr. Le tẽps/ le	pain de nostre seigneur. Le temps/ le
nõbre ou quãtesfois nous debuõs	nombre ou quantesfois nous debvons
de nostre seigneur.	de nostre seigneur.
nous est point escript/ car cela est	nous est point escript/ car cela est
frãc a leglise de nostre seigneur:	franc a l’eglise de nostre seigneur:
cõme le temps de baptiser aussi:	comme le temps de baptiser aussi:
mais bien est monstre cõme lon y	mais bien est monstre comme l’on y
tions qui sensuyuent nous mon¬	tions qui s’ensuyvent nous mon¬
sirent. Pourtãt le seruiteur de la	strent. Pourtant le serviteur de la
saincte cõgregation qui presche ⁊	saincte congregation qui presche et
porte la parolle/ aura regard a le¬	porte la parolle/ aura regard a l’e¬
re tãt quil pourra des ignorãs et	re tant qu’il pourra des ignorans et
infideles/ faisant tout en bon or¬	infideles/ faisant tout en bon or¬
dre: ⁊ par le cõsentement de la cõ¬	dre: et par le consentement de la con¬
gregation regardera le tẽps plus	gregation regardera le temps plus
aussi aux autres eglises/ sans su	aussi aux autres eglises/ sans su¬
perstition pour garder la paix et	perstition pour garder la paix et
union auec toꝰ/ ⁊ pour attirer les	union auec tous/ et pour attirer les
De la cene	De la cene
gnoissãce de uerite/ tãt qͥl est pos	gnoissance de verite/ tant qu’il est pos¬
sible/ sãs uenir cõtre la doctrine	sible/ sans venir contre la doctrine
de uerite. Il denõcera le iour quõ	de verite. Il denoncera le jour qu’on
doibt faire la saincte cene par a¬	doibt faire la saincte cene par a¬
nostre seigneur: et demander sa	nostre seigneur: et demander sa
grace/ pour sainctement ⁊ digne¬	grace/ pour sainctement et digne¬
ment y uenir: ⁊ le iour quon faict	ment y venir: et le jour qu’on faict
la cene exhortera le peuple/ ainsi	la cene exhortera le peuple/ ainsi
¶ La cene de nostre seigñr.	¶ La cene de nostre seigneur.
Nostre dieu ⁊ pere tresmiseri¬	Nostre dieu et pere tres miseri¬
cordieux pensant les pẽsees non	cordieux pensant les pensees non
point daffliction/ cest adire/ de pu	point d’affliction/ c’est a dire/ de pu¬
remission pour lamour de soymes	remission pour l’amour de soymes¬
mes/ non point pour noz biens¬	mes/ non point pour noz biens¬
de nostre seigneur.	de nostre seigneur.
faictz ne iustices/ uoulãt effacer	faictz ne justices/ voulant effacer
accõplir ses sainctes ꝓmesses de	accomplir ses sainctes promesses de
noꝰ dõner leaue nette ⁊ son sainct	nous donner l’eaue nette et son son sainct
esperit/ poͬ nous nettoyer de tou¬	esperit/ pour nous nettoyer de tou¬
tes noz ordures ⁊ souilleures/ et	tes noz ordures et souilleures/ et
en escripuãt sa saincte loy en noz	en escripvant sa saincte loy en noz
cueurs/ quãt la plenitude du tẽps	cueurs/ quant la plenitude du temps
est uenue/ il a enuoye son filz tres	est venue/ il a envoye son filz tres
chier/ monstrãt sa tresgrãde cha¬	chier/ monstrant sa tres grande cha¬
nous/ nespargnãt point son seul	nous/ n’espargnant point son seul
et tresayme filz nostre seigneur	et tres ayme filz nostre seigneur
Iesuchrist: mais pour nous le dõ¬	Jesuchrist: mais pour nous le don¬
nant/ ainsi que ce bon sauueur se¬	nant/ ainsi que ce bon sauveur se¬
nous reconcilier a iceluy sest une	nous reconcilier a iceluy s’est une
foys offert a son pere pour nostre	foys offert a son pere pour nostre
De la cene	De la cene
redẽptiõ/ mourãt pour noꝰ assem¬	redemption/ mourant pour nous assem¬
que tous fussiõs ung corps ⁊ une	que tous fussions ung corps et une
mesme chose: ainsi que le pere et	mesme chose: ainsi que le pere et
luy sõt une mesme chose. En quoy	luy sont une mesme chose. En quoy
plus que lon ne pourroit dire no¬	plus que l’on ne pourroit dire no¬
thresors de sa bõte ⁊ misericorde/	thresors de sa bonte et misericorde/
uoulant que pour nous qͥ estions	voulant que pour nous qui estions
mortz par peche/ ⁊ ses ennemis/	mortz par peche/ et ses ennemis/
son filz mourut poͬ noꝰ uiuifier/	son filz mourut pour nous vivifier/
a ce bon pere. Semblablemẽt no¬	a ce bon pere. Semblablement no¬
stre bon sauueur/ grãdemẽt a mon	stre bon sauveur/ grandement a mon¬
stre sa tresgrande charite mettãt	stre sa tres grande charite mettant
sa uie pour nous/ en nous lauant	sa vie pour nous/ en nous lavant
tant en ce dernier repas qͥl a faict	tant en ce dernier repas qu’il a faict
en ceste uie mortelle/ lequel il di¬	en ceste vie mortelle/ lequel il di¬
de nostre seigneur.	de nostre seigneur.
soit grandement desirer auant	soit grandement desirer avant
cte cene/ uoulãt quen memoire de	cte cene/ voulant qu’en memoire de
sa tresgrande charite/ par laquel¬	sa tres grande charite/ par laquel¬
le il a dõne son corps pour nous	le il a donne son corps pour nous
en la croix/ et espandu son sang	en la croix/ et espandu son sang
prinssiõs mẽgeans dung mesme	prinssions mengeans d’ung mesme
pain/ ⁊ beussions dung mesme ca	pain/ et beussions d’ung mesme ca¬
lice sans aucune difference/ cõme	lice sans aucune difference/ comme
indifferãmẽt il est mort pour toꝰ/	indifferamment il est mort pour tous/
ger/ ⁊ boire en sa cene. Tous dõc	ger/ et boire en sa cene. Tous donc
urays chrestiẽs ⁊ fideles qui fer¬	vrays chrestiens et fideles qui fer¬
mement croyent en nostre seigñr	mement croyent en nostre seigneur
Iesuchrist par uraye foy quil soit	Jesuchrist par vraye foy qu’il soit
saincte table/ remerciãt tous en¬	saincte table/ remerciant tous en¬
semble dieu/ de sa grande bonte	semble dieu/ de sa grande bonte
De la cene	De la cene
quil nous a monstre. Rendans	qu’il nous a monstre. Rendans
me ilz croyent que par la mort	me ilz croyent que par la mort
de laigneau sans macule som¬	de l’aigneau sans macule som¬
mes deliurez de lennemy. Et	mes delivrez de l’ennemy. Et
ainsi rendans graces a ce bon	ainsi rendans graces a ce bon
plaisir est mort pour nous par sa	plaisir est mort pour nous par sa
tresgrande charite quil a eu en¬	tres grande charite qu’il a eu en¬
uers nous/ laquelle tous imitãs	vers nous/ laquelle tous imitans
⁊ ensuyuãs de parfaicte charite	et ensuyvans de parfaicte charite
doulx et bening sauueur Iesus	doulx et bening sauveur Jesus
nous a aymez/ mettant ⁊ dõnant	nous a aymez/ mettant et donnant
sa uie pour nous. Ung chascũ re¬	sa vie pour nous. Ung chascun re¬
garde ⁊ esprouue soymesmes/ sil	garde et esprouve soymesmes/ s’il
christ/ sil croyt parfaictemẽt que	christ/ s’il croyt parfaictement que
par la mort ⁊ passion de Iesus/ la	par la mort et passion de Jesus/ la
de nostre seigneur.	de nostre seigneur.
paix soit faicte entre dieu ⁊ nous	paix soit faicte entre dieu et nous
ire est appaisee par le benoist sau¬	ire est appaisee par le benoist sau¬
ueur Iesus/ par lequel nous som	veur Jesus/ par lequel nous som¬
mes faictz filz et heritiers de	mes faictz filz et heritiers de
dieu/ heritiers auec Iesuchrist/ ꝑ	dieu/ heritiers avec Jesuchrist/ par
gez ⁊ nettoyez tous/ ⁊ noz pechez	gez et nettoyez tous/ et noz pechez
effacez ⁊ plainement pardõnez: ⁊	effacez et plainement pardonnez: et
que du tout Iesus nostre sauueur	que du tout Jesus nostre sauveur
a satisfaict. Aultremẽt toꝰ ceulx	a satisfaict. Aultrement tous ceulx
de uenir a la saincte table/ faisãt	de venir a la saincte table/ faisant
semblãt ⁊ faulsemẽt tesmoĩgnãs	semblant et faulsement tesmoingnans
estre du corps de Iesuchrist duq̃l	estre du corps de Jesuchrist duquel
ilz ne sont pas: cõme tous idola¬	ilz ne sont pas: comme tous idola¬
le seul dieu/ tous pariureurs/ gẽs	le seul dieu/ tous parjureurs/ gens
oysifz qui ne seruẽt ⁊ ne proffitẽt	oysifz qui ne servent et ne proffitent
De la cene	De la cene
a rien/ cõbien quilz le puissent fai	a rien/ combien qu’ilz le puissent fai¬
a pere ⁊ mere/ ⁊ a ceulx que dieu	a pere et mere/ et a ceulx que dieu
a cõstitue sur nous en bien/ sãs cõ	a constitue sur nous en bien/ sans con¬
treuenir au cõmandemẽt de dieu.	trevenir au commandement de dieu.
Tous batteurs/ noyseux qui in¬	Tous batteurs/ noyseux qui in¬
ꝓchain/ ⁊ les ont en hayne. Toꝰ	prochain/ et les ont en hayne. Tous
paillardz/ yurõgnes uiuãs disso¬	paillardz/ yvrongnes vivans disso¬
luemẽt en boyre ⁊ mẽger. Tous	luement en boyre et menger. Tous
larrons qui font tort ⁊ iniure au	larrons qui font tort et injure au
imposeurs de crimes/ ⁊ toꝰ ceulx	imposeurs de crimes/ et tous ceulx
qui uiuent meschãment ⁊ contre	qui vivent meschamment et contre
les sainctz cõmandemẽs de dieu/	les sainctz commandemens de dieu/
qui ne ueulent suyure la saincte	qui ne veulent suyvre la saincte
le/ ensuyuant le sainct euangile/	le/ ensuyvant le sainct evangile/
cõme urays enfans de Dieu/ ne	comme vrays enfans de Dieu/ ne
de nostre seigneur.	de nostre seigneur.
presumẽt point uenir a ceste sain	presument point venir a ceste sain¬
nir seulemẽt ceulx qui sõt uerita¬	nir seulement ceulx qui sont verita¬
blemẽt du corps de Christ/ unis ⁊	blement du corps de Christ/ unis et
enracinez en luy ꝑ uraye ⁊ uifue	enracinez en luy par vraye et vifve
foy laquelle soit ouurãte par cha	foy laquelle soit ouvrante par cha¬
leur iugemẽt ⁊ condẽnation: ⁊ cõ¬	leur jugement et condemnation: et com¬
me traistres/ ⁊ successeurs de Iu¬	me traistres/ et successeurs de Ju¬
das seront reiectez. Mais pour¬	das seront rejectez. Mais pour¬
tant que ce pendant q̃ nous con¬	tant que ce pendant que nous con¬
de ce corps de mort ⁊ de peche/	de ce corps de mort et de peche/
nous sommes tous pouures pe¬	nous sommes tous pouvres pe¬
cheurs: ⁊ ne pouuõs dire q̃ soyõs	cheurs: et ne pouvons dire que soyons
sans peche/ auãt que nous uenõs	sans peche/ avant que nous venons
re de nostre sauueur qui est mort	re de nostre sauveur qui est mort
pour noz pechez/ ⁊ est resuscite poͬ	pour noz pechez/ et est resuscite pour
De la cene	De la cene
nostre iustification/ en cueur hu¬	nostre justification/ en cueur hu¬
faultes/ nous nous presenterõs ⁊	faultes/ nous nous presenterons et
nous iecterons deuant la haulte	nous jecterons devant la haulte
maieste de nostre dieu en pleine	majeste de nostre dieu en pleine
cõfiance ⁊ uraye foy par nr̃e sau¬	confiance et vraye foy par nostre sau¬
dant grace/ cõfessant deuant luy/	dant grace/ confessant devant luy/
q̃ tresgriefuemẽt ⁊ grandemẽt la¬	que tres griefvement et grandement la¬
uõs offense/ cõtreuenãt a sa sain¬	vous offense/ contrevenant a sa sain¬
cte loy/ ne ladorant purement en	cte loy/ ne l’adorant purement en
seul/ ne laymãt sur tout/ en hon¬	seul/ ne l’aymant sur tout/ en hon¬
norãt son sainct nom sans le prẽ¬	norant son sainct nom sans le pren¬
dre en uain/ ne uiuãt saĩctemẽt a	dre en vain/ ne vivant sainctement a
son hõneur/ ⁊ a laide ⁊ secours de	son honneur/ et a l’aide et secours de
⁊ sainct repos de mal dire/ mal	et sainct repos de mal dire/ mal
faire ⁊ penser/ ne hõnorant ceulx	faire et penser/ ne honnorant ceulx
de nostre seigneur.	de nostre seigneur.
qui sur nous ont puissãce/ ne eui¬	qui sur nous ont puissance/ ne evi¬
recin/ mẽsonge: ⁊ toute chose qͥ cõ	recin/ mensonge: et toute chose qui con¬
treuiẽt a lamour de dieu ⁊ de no¬	trevient a l’amour de dieu et de no¬
stre ꝓchain/ faisant a aultruy ce	stre prochain/ faisant a aultruy ce
que ne uouldriõs estre faict a noꝰ	que ne vouldrions estre faict a nous
saincte loy de nostre bon pere/	saincte loy de nostre bon pere/
auõs tous grãdemẽt peche: ⁊ de¬	avons tous grandement peche: et de¬
seruy lire ⁊ indignation de nostre	servy lire et indignation de nostre
dieu plus que ne pouõs exprimer	dieu plus que ne pouvons exprimer
faisant cõtre sa saincte uolunte.	faisant contre sa saincte volunte.
Pourtãt de toutes noz faultes ⁊	Pourtant de toutes noz faultes et
pechez que ne scauriõs nõbrer/ a	pechez que ne scaurions nombrer/ a
cause de leur multitude/ humble¬	cause de leur multitude/ humble¬
dõs mercy ⁊ misericorde a nostre	dons mercy et misericorde a nostre
tresbon pere/ le priant quil ne re¬	tres bon pere/ le priant qu’il ne re¬
De la cene	De la cene
garde point noz faultes/ ignorã¬	garde point noz faultes/ ignoran¬
de la iustice/ sainctete/ purete/ et	de la justice/ sainctete/ purete/ et
innocẽce de son treschier filz no¬	innocence de son tres chier filz no¬
stre seigñr Iesus/ qui pour nous	stre seigneur Jesus/ qui pour nous
est mort/ nous pardõnãt pour la¬	est mort/ nous pardonnant pour l’a¬
⁊ mesfaictz nous gardãt de plus	et mesfaictz nous gardant de plus
tomber en peche/ magnifiant en	tomber en peche/ magnifiant en
nous son sainct nom/ regnant en	nous son sainct nom/ regnant en
nous/ parfaisãt sa saincte uolun	nous/ parfaisant sa saincte volun¬
doulx sauueur nous a aprins de	doulx sauveur nous a aprins de
demander/ en disant.	demander/ en disant.
Nostre pere qui es est cieulx/	Nostre pere qui es est cieulx/
sanctifie soit ton nom/ ⁊c	sanctifie soit ton nom/ etc
quil nous donne ferme/ uifue/ et	qu’il nous donne ferme/ vifve/ et
parfaicte foy/ laccroissant ⁊ aug¬	parfaicte foy/ l’accroissant et aug¬
de nostre seigneur.	de nostre seigneur.
mentãt en nous: affin q̃ par icelle	mentant en nous: affin que par icelle
de nostre ennemy/ en laq̃lle foy	de nostre ennemy/ en laquelle foy
desirons uiure en faisant confes¬	desirons vivre en faisant confes¬
sion dicelle: disant/	sion d’icelle: disant/
Ie croy en dieu le pere tout	Je croy en dieu le pere tout
Mes treschiers freres ⁊ seurs	Mes tres chiers freres et seurs
uous scauez cõme nostre tresbon	vous scavez comme nostre tres bon
pere ne desire point la mort des	pere ne desire point la mort des
pecheurs: mais quilz se cõuertis	pecheurs: mais qu’ilz se convertis¬
de toute bonte ⁊ misericorde/ de si	de toute bonte et misericorde/ de si
grande charite a ayme le monde	grande charite a ayme le monde
quil a dõne son seul filz pour sau	qu’il a donne son seul filz pour sau¬
uer le monde/ lequel ouuertemẽt	ver le monde/ lequel ouvertement
ce qͥ estoit perdu: car cest la parol¬	ce qui estoit perdu: car c’est la parol¬
le trescertaine que Iesuchrist est	le tres certaine que Jesuchrist est
De la cene	De la cene
uenu pour sauuer les pecheurs.	venu pour sauver les pecheurs.
q̃ tout ce que nous demanderõs	que tout ce que nous demanderons
en son nom nous lobtiendrons/	en son nom nous l’obtiendrons/
⁊ que si nous pardonnons aux	et que si nous pardonnons aux
aultres leurs pechez/ les nostres	aultres leurs pechez/ les nostres
Croyez donc quen demandant	Croyez donc qu’en demandant
mercy a dieu au nom de nostre sei	mercy a dieu au nom de nostre sei¬
gneur Iesus/ en pardõnãt de bon	gneur Jesus/ en pardonnant de bon
cueur ung chascun a son ꝓchain/	cueur ung chascun a son prochain/
par la foy que nous auõs en Ie¬	par la foy que nous avons en Je¬
suchrist noz cueurs sõt purgez.	suchrist noz cueurs sont purgez.
Escoutez cõme nostre seigñr	Escoutez comme nostre seigneur
Iesuchrist a institue sa saincte ce¬	Jesuchrist a institue sa saincte ce¬
thiens/ en lunziesme chap̃.	thiens/ en l’unziesme chapitre.
Le seigñr Iesus en la nuict qͥl	Le seigneur Jesus en la nuict qu’il
de nostre seigneur.	de nostre seigneur.
fust trahy il print le pain ⁊ rẽdãt	fust trahy il print le pain et rendant
gez/ cecy est mon corps/ lequel est	gez/ cecy est mon corps/ lequel est
liure pour uous/ faictes cecy en	livre pour vous/ faictes cecy en
ma cõmemoration. Sẽblablemẽt	ma commemoration. Semblablement
⁊ le calice apres quil eut souppe:	et le calice apres qu’il eut souppe:
testamẽt en mõ sang/ faictes cecy	testament en mon sang/ faictes cecy
toutesfois q̃ uoꝰ le beuurez en me	toutesfois que vous le beuvrez en me¬
moire de moy/ car toutes les fois	moire de moy/ car toutes les fois
q̃ uoꝰ mengerez ce pain ⁊ beuurez	que vous mengerez ce pain et beuvrez
du seigneur iusq̃s a ce qͥl uiẽgne.	du seigneur jusques a ce qu’il viengne.
Uoyez icy tous linstitution de	Voyez icy tous l’institution de
la saincte table de nostre seigñr	la saincte table de nostre seigneur
cõme elle est ordonnee par le seul	comme elle est ordonnee par le seul
dre/ ne presumer sur luy/ uoulant	dre/ ne presumer sur luy/ voulant
aultremẽt enseigner ou faire qͥl	aultrement enseigner ou faire qu’il
De la cene	De la cene
na cõmande. Il rõpt le pain a ses	n’a commande. Il rompt le pain a ses
strant/ q̃ tous ceulx qui uiẽnẽt a	strant/ que tous ceulx qui viennent a
la table doibuẽt estre de ses disci¬	la table doibvent estre de ses disci¬
ples renõceans eulx mesmes/ et	ples renonceans eulx mesmes/ et
suyuãs Iesuchrist en uraye chari	suyvans Jesuchrist en vraye chari¬
uãt en sa table cela soit faict en sa	vant en sa table cela soit faict en sa
memoire/ cest q̃ toutesfoys q̃ lon	memoire/ c’est que toutesfoys que l’on
prent le pain ⁊ lon boit du calice/	prent le pain et l’on boit du calice/
quon annonce la mort de nostre	qu’on annonce la mort de nostre
mort pour nous/ en donnant son	mort pour nous/ en donnant son
corps comme signifie le pain/ ⁊ a	corps comme signifie le pain/ et a
espãdu son sang pour nous/ cõme	espandu son sang pour nous/ comme
signifie le calice. Pourtant leuez	signifie le calice. Pourtant levez
choses celestielles es cieulx ou	choses celestielles es cieulx ou
Iesuchrist est assis en la dextre	Jesuchrist est assis en la dextre
de nostre seigneur.	de nostre seigneur.
du pere/ sans uous arrester aux	du pere/ sans vous arrester aux
par lusaige. En ioye de cueur en	par l’usaige. En joye de cueur en
union fraternelle uenez tous prẽ	union fraternelle venez tous pren¬
dre de la table de nostre seigneur	dre de la table de nostre seigneur
luy rendãt graces de la tresgran	luy rendant graces de la tres gran¬
ayez la mort de ce bõ sauueͬ escri¬	ayez la mort de ce bon sauveur escri¬
pte en uoz cueurs/ en souuenãce	pte en voz cueurs/ en souvenance
eternelle pour estre enflambez/ ⁊	eternelle pour estre enflambez/ et
pour esmouuoir aussi les aultres	pour esmouvoir aussi les aultres
cte parolle.	cte parolle.
¶ En dõnãt le pain lequel soit sãs	¶ En donnant le pain lequel soit sans
image/ ne permettãt quon ladore/ le	image/ ne permettant qu’on l’adore/ le
baillant a tous en la main: affin qͥlz	baillant a tous en la main: affin qu’ilz
nistre peult dire.	nistre peult dire.
Iesus le uray sauueur du mõ¬	Jesus le vray sauveur du mon¬
de/ qui est mort pour nous/ estant	de/ qui est mort pour nous/ estant
De la cene	De la cene
habite en uoz cueurs par sõ saĩct	habite en voz cueurs par son sainct
esperit/ faisant q̃ du tout soyez ui	esperit/ faisant que du tout soyez vi¬
uans en luy par uifue foy et par¬	vans en luy par vifve foy et par¬
faicte charite. Amen.	faicte charite. Amen.
T	T¬
Reschiers freres ⁊ seurs	Res chiers freres et seurs
en nostre seigñr Iesus/ qͥ	en nostre seigneur Jesus/ qui
estes uenus a la saincte	estes venus a la saincte
graces de ses tresgrãdz biẽs quil	graces de ses tres grandz biens qu’il
nous a faict/ nous prierõs le pere	nous a faict/ nous prierons le pere
plein de toute misericorde poͬ toꝰ	plein de toute misericorde pour tous
ceulx qui sont sur la terre/ pour	ceulx qui sont sur la terre/ pour
tous qͥ sont cõstituez en autorite/	tous qui sont constituez en autorite/
ausquelz il a dõne le glaiue ⁊ gou	ausquelz il a donne le glaive et gou¬
de nostre seigneur.	de nostre seigneur.
uernemẽt du peuple pour deffen¬	vernement du peuple pour deffen¬
q̃ le bon dieu dõne a tous sa gra¬	que le bon dieu donne a tous sa gra¬
ce: ⁊ face misericorde a tous. Luy	ce: et face misericorde a tous. Luy
suppliãt q̃ de sa tresgrande bõte ⁊	suppliant que de sa tres grande bonte et
benignite il nous rẽplisse de son	benignite il nous remplisse de son
soyons unis urayement en ung	soyons unis vrayement en ung
corps par uifue ⁊ uraye foy/ laq̃l¬	corps par vifve et vraye foy/ laquel¬
le il luy plaise augmẽter en noꝰ:	le il luy plaise augmenter en nous:
⁊ ainsi que exterieurement ⁊ par	et ainsi que exterieurement et par¬
rendu tesmõgnaige destre des di¬	rendu tesmongnaige d’estre des di¬
sciples de Iesus/ il nous doint la	sciples de Jesus/ il nous doint la
grace de urayemẽt le estre/ en ꝑse¬	grace de vrayement le estre/ en perse¬
uerãt en sa saincte doctrine/ sepa¬	verant en sa saincte doctrine/ sepa¬
de/ uiuãs tous en uraye charite/	de/ vivans tous en vraye charite/
secourant lung a laultre en tout	secourant l’ung a l’aultre en tout
De la cene	De la cene
biẽ de cueur, de parolle, ⁊ de faict.	bien de cueur, de parolle, et de faict.
tãt nous a ayme tachez et prenez	tant nous a ayme tachez et prenez
peine. Et estans participãs de la	peine. Et estans participans de la
table de nostre seigñr cõme mẽ¬	table de nostre seigneur comme mem¬
bres de Iesus/ ne soyez partici¬	bres de Jesus/ ne soyez partici¬
fidelite: ⁊ ne soyez conformes au	fidelite: et ne soyez conformes au
mõde/ mais cheminerez en toute	monde/ mais cheminerez en toute
purete/ sainctete/ ⁊ innocence/ ui¬	purete/ sainctete/ et innocence/ vi¬
uans sobremẽt ⁊ dignemẽt cõme	vans sobrement et dignement comme
dieux ⁊ charitables a tous/ prin¬	dieux et charitables a tous/ prin¬
cipalemẽt aux fideles. Ne ꝑmet¬	cipalement aux fideles. Ne permet¬
tant point que persõne aye indi¬	tant point que personne aye indi¬
gẽce: mais secourez a tous/ telle¬	gence: mais secourez a tous/ telle¬
tion soit selon dieu ⁊ sa saincte pa	tion soit selon dieu et sa saincte pa¬
rolle/ a ledificatiõ de tous en lad¬	rolle/ a l’edification de tous en l’ad¬
La maniere de p̃scher.	La maniere de prescher.
uãcemẽt du sainct euãgile/ selon	vancement du sainct evangile/ selon
a tous uiure. Amen. Allez en	a tous vivre. Amen. Allez en
paix. La grace/ paix/ ⁊ benedi¬	paix. La grace/ paix/ et benedi¬
ction de dieu soit sur uous tous.	ction de dieu soit sur vous tous.
Amen.	Amen.
en la predication quãt le peu¬	en la predication quant le peu¬
ple est assemble pour ouyr	ple est assemble pour ouyr
la parolle de Dieu.	la parolle de Dieu.
L	L¬
la parolle/ admonneste	la parolle/ admonneste
tous de recourir a dieu	tous de recourir a dieu
nostre tresmisericordieux pere/	nostre tres misericordieux pere/
luy priant quil enuoye son sainct	luy priant qu’il envoye son sainct
auoir pitie de tous roys/ princes/	avoir pitie de tous roys/ princes/
seigneurs: ⁊ tous ceulx quil a cõ¬	seigneurs: et tous ceulx qu’il a con¬
La maniere	La maniere
stitue en dignite ⁊ autorite/ en	stitue en dignite et autorite/ en
les mauuais ⁊ desfendre les bõs/	les mauvais et desfendre les bons/
qui de sa bõte il leur face miseri¬	qui de sa bonte il leur face miseri¬
corde/ leur dõnant son sainct espe	corde/ leur donnant son sainct espe¬
rit: affin que sainctemẽt ilz lexer	rit: affin que sainctement ilz l’exer¬
re de nostre seigñr/ ⁊ au prouffit ⁊	re de nostre seigneur/ et au prouffit et
bien de leurs subiectz. Priant	bien de leurs subjectz. Priant
pour tous qui sont assẽblez pour	pour tous qui sont assemblez pour
ouyr la parolle de uerite/ q̃ nostre	ouyr la parolle de verite/ que nostre
⁊ pechez donnant sa grace ⁊ son	et pechez donnant sa grace et son
esperit/ par lequel on aye pleine	esperit/ par lequel on aye pleine
intelligence de toute uerite: affin	intelligence de toute verite: affin
que purement ⁊ sainctement lon	que purement et sainctement l’on
rer/ ouyr/ entendre/ recepuoir/ et	rer/ ouyr/ entendre/ recepvoir/ et
garder sa saincte parolle/ accom¬	garder sa saincte parolle/ accom¬
de prescher.	de prescher.
plissant la uolunte de ce bõ pere/	plissant la volunte de ce bon pere/
son seul filz Iesus/ ainsi qͥl nous	son seul filz Jesus/ ainsi qu’il nous
a aprins: disans/	a aprins: disans/
Nostre pere qui es es cieulx/	Nostre pere qui es es cieulx/
sainctifie soit ton nom ⁊c.	sainctifie soit ton nom etc.
cõmence de prẽdre quelque texte	commence de prendre quelque texte
de la saincte escripture/ lequel il	de la saincte escripture/ lequel il
lit plainement/ cõme nostre sei¬	lit plainement/ comme nostre sei¬
gneur fist en Nazareth/ ⁊ apres	gneur fist en Nazareth/ et apres
sans saulter/ amenãs les passai¬	sans saulter/ amenans les passai¬
ges qui sõt en lescripture seruãs	ges qui sont en l’escripture servans
a la declaration diceluy quil ex¬	a la declaration d’iceluy qu’il ex¬
pose/ sans sortir hors de la sain¬	pose/ sans sortir hors de la sain¬
ille point la pure parolle de dieu	ille point la pure parolle de dieu
auec lordure des hõmes/ portant	avec l’ordure des hommes/ portant
La maniere	La maniere
fidelement la parolle: ⁊ ne parlãt	fidelement la parolle: et ne parlant
auoir expose sõ texte le plus sim¬	avoir expose son texte le plus sim¬
plemẽt quil est possible sans soy	plement qu’il est possible sans soy
iecter hors de lescripture: ainsi q̃	jecter hors de l’escripture: ainsi que
dieu dõne la grace/ il exhorte et	dieu donne la grace/ il exhorte et
q̃ le texte porte/ de sortir de tout	que le texte porte/ de sortir de tout
peche/ de tout erreur/ superstitiõ	peche/ de tout erreur/ superstition
⁊ uanite: ⁊ soy retourner plaine¬	et vanite: et soy retourner plaine¬
ment a dieu/ ayant plaine ⁊ par¬	ment a dieu/ ayant plaine et par¬
tant tout son cueur en dieu/ lay¬	tant tout son cueur en dieu/ l’ay¬
mant sur toutes choses: ⁊ pour	mant sur toutes choses: et pour
lamour de luy nostre prochain cõ	l’amour de luy nostre prochain com¬
me nous mesmes/ uiuãt hõneste	me nous mesmes/ vivant honneste¬
nẽpescher aucun le scandalisant/	n’empescher aucun le scandalisant/
tachãs edifier ⁊ tirer tous a no¬	tachans edifier et tirer tous a no¬
de prescher.	de prescher.
stre seigneur/ obeyssans aux sei¬	stre seigneur/ obeyssans aux sei¬
mauuais/ en tout ce qui nest con¬	mauvais/ en tout ce qui n’est con¬
tre dieu/ leur rendant et payant	tre dieu/ leur rendant et payant
tout ce qui est ordonne/ ⁊ quil ap¬	tout ce qui est ordonne/ et qu’il ap¬
partient. Non seulement pour la	partient. Non seulement pour la
dieu/ ⁊ destre punis et trauaillez	dieu/ et d’estre punis et travaillez
de eulx/ mais aussi pour la con¬	de eulx/ mais aussi pour la con¬
sciẽce. Car celuy qui resiste a la	science. Car celuy qui resiste a la
puissance/ il resiste a lordonnãce	puissance/ il resiste a l’ordonnance
puissance qui ne soit par lordon¬	puissance qui ne soit par l’ordon¬
nance ⁊ disposition de dieu/ ou en	nance et disposition de dieu/ ou en
faisant misericorde dõnant bõs	faisant misericorde donnant bons
prĩces/ qui ont la crainte de dieu	princes/ qui ont la crainte de dieu
rolle de dieu/ ayans a cueur lad¬	rolle de dieu/ ayans a cueur l’ad¬
uancement de lhonneur de dieu	vancement de l’honneur de dieu
La maniere	La maniere
et le prouffit des subiectz. Ou en	et le prouffit des subjectz. Ou en
nant des tyrãs iniques/ qui nõt	nant des tyrans iniques/ qui n’ont
cure que de faire leur uolunte et	cure que de faire leur volunte et
ce qui leur plaist: de quelque sorte	ce qui leur plaist: de quelque sorte
quilz soyent y leur fault obeyr/ et	qu’ilz soyent y leur fault obeyr/ et
nostre seigneur cõmande/ lequel	nostre seigneur commande/ lequel
esleue les princes ⁊ les abbat/ et	esleve les princes et les abbat/ et
trãsfere les royaulmes selon son	transfere les royaulmes selon son
bõ plaisir. Et ainsi fault exhor¬	bon plaisir. Et ainsi fault exhor¬
point la liberte ⁊ franchise char¬	point la liberte et franchise char¬
nelle: mais de lesperit ⁊ de lame.	nelle: mais de l’esperit et de l’ame.
Car si nostre Roy Iesus a este	Car si nostre Roy Jesus a este
subiect/ ⁊ a paye a Cesar ce quil	subject/ et a paye a Cesar ce qu’il
ment doibuent faire tous urays	ment doibvent faire tous vrays
chrestiens et fideles. Et ainsi	chrestiens et fideles. Et ainsi
de prescher.	de prescher.
doibt enseigner tout prescheur	doibt enseigner tout prescheur
en lieu) les princes/ ayãs la puis¬	en lieu) les princes/ ayans la puis¬
sãce/ de faire leur debuoir/ ⁊ trai¬	sance/ de faire leur debvoir/ et trai¬
cter les subiectz comme leurs fre	cter les subjectz comme leurs fre¬
res ⁊ enfans/ sachãs que dieu est	res et enfans/ sachans que dieu est
ra tous ainsi qͥlz aurõt deseruy.	ra tous ainsi qu’ilz auront deservy.
Sẽblablemẽt admõnestant tous	Semblablement admonnestant tous
de garder les sainctz cõmande¬	de garder les sainctz commande¬
mẽs de dieu/ priant nostre seigñr	mens de dieu/ priant nostre seigneur
uer/ il propose la loy de dieu ⁊ les	ver/ il propose la loy de dieu et les
sainctz cõmandemẽs cõment ilz	sainctz commandemens comment ilz
sont escriptz en Exode au .xx.	sont escriptz en Exode au .xx.
chap̃. ⁊ mis la sus au baptesme.	chapitre et mis la sus au baptesme.
der mercy a dieu en cõfessãt leurs	der mercy a dieu en confessant leurs
pechez/ cõment il est cõtenu en la	pechez/ comment il est contenu en la
La maniere de p̃scher.	La maniere de prescher.
forme de la cene: ⁊ ainsi disant lo	forme de la cene: et ainsi disant l’o¬
de demãder grace a nostre seigñr	de demander grace a nostre seigneur
destre ferme en la foy laq̃lle tous	d’estre ferme en la foy laquelle tous
cõfessent/ disans le Symbole.	confessent/ disans le Symbole.
Ie croy en dieu le pere ⁊c.	Je croy en dieu le pere etc.
faisant prier pour tous ignorãs/	faisant prier pour tous ignorans/
que dieu de sa grace les inspire/	que dieu de sa grace les inspire/
⁊ mayne a la cõgnoissance de ue¬	et mayne a la congnoissance de ve¬
rite/ quil donne a tous qui ont le	rite/ qu’il donne a tous qui ont le
ctemẽt exercer/ quil console tous	ctement exercer/ qu’il console tous
desolez: ⁊ sur tout quil ayde ⁊ for¬	desolez: et sur tout qu’il ayde et for¬
tifie ceulx qui souffrent pour la	tifie ceulx qui souffrent pour la
foy de nostre seigñr Iesus poͬ son	foy de nostre seigneur Jesus pour son
ce les face perseuerer en la confes	ce les face perseverer en la confes¬
sion de son nom: ⁊ que pour rien	sion de son nom: et que pour rien
De la uisitation	De la visitation
ilz ne facent ⁊ ne dient chose qui	ilz ne facent et ne dient chose qui
seigneur. Ainsi en paix lon	seigneur. Ainsi en paix l’on
enuoye le peuple.	envoye le peuple.
¶ De la uisitation des	¶ De la visitation des
malades.	malades.
L fault que celuy qui	L fault que celuy qui
porte la parolle de no	porte la parolle de no¬
stre seigneur en toute	stre seigneur en toute
diligẽce trauaille/ de	diligence travaille/ de
exẽple de bõne uie ⁊ de doctrine	exemple de bonne vie et de doctrine
au peuple: il nest pas assez quil	au peuple: il n’est pas assez qu’il
enseigne a lassẽblee/ mais aussi	enseigne a l’assemblee/ mais aussi
doibt enseigner par les maisons	doibt enseigner par les maisons
ses apostres/ consolant les affli¬	ses apostres/ consolant les affli¬
De la uisitation	De la visitation
gez/ ⁊ sur tout ceulx qui sont ma¬	gez/ et sur tout ceulx qui sont ma¬
lades/ ausquelz il fault adnoncer	lades/ ausquelz il fault adnoncer
de de dieu/ monstrant que de ce¬	de de dieu/ monstrant que de ce¬
luy qui est fontaine de tout bien/	luy qui est fontaine de tout bien/
ne peult sortir que biẽ: et que luy	ne peult sortir que bien: et que luy
qui est tout puissant est nostre pe¬	qui est tout puissant est nostre pe¬
gneux de nous/ que iamais pere	gneux de nous/ que jamais pere
ne mere ne fut de son filz: disãt/	ne mere ne fut de son filz: disant/
Que combiẽ que la mere oublie¬	Que combien que la mere oublie¬
roit son enfant/ et la mere nour¬	roit son enfant/ et la mere nour¬
porte en son uentre/ neãtmoins	porte en son ventre/ neantmoins
nostre pere ne noꝰ oubliera poĩt/	nostre pere ne nous oubliera point/
faisant tout pour nostre prouffit/	faisant tout pour nostre prouffit/
enuoyant tout pour nostre bien/	envoyant tout pour nostre bien/
aultremẽt/ deuons croyre ferme¬	aultrement/ devons croyre ferme¬
des malades.	des malades.
ment que dieu lenuoyeroit et le	ment que dieu l’envoyeroit et le
feroit. Donc nous deuons soub¬	feroit. Donc nous devons soub¬
re fermement quil nous ayme/ ⁊	re fermement qu’il nous ayme/ et
en nous aymant il nous chastie/	en nous aymant il nous chastie/
⁊ ne deuõs auoir esgard a la dou	et ne devons avoir esgard a la dou¬
leur ⁊ pourete q̃ nous endurons/	leur et povrete que nous endurons/
haysse ou noꝰ reiecte/ mais plus	haysse ou nous rejecte/ mais plus
tost penser destre plus en sa gra¬	tost penser d’estre plus en sa gra¬
ce/ regardãt non point ceulx qui	ce/ regardant non point ceulx qui
flourissent en ce monde/ ayans	flourissent en ce monde/ ayans
le plus ayme du pere que tous/	le plus ayme du pere que tous/
uray filz de dieu/ leq̃l a este plus	vray filz de dieu/ lequel a este plus
afflige que tous/ plus tormente	afflige que tous/ plus tormente
q̃ tous/ ⁊ plus pourement traicte	que tous/ et plus povrement traicte
passion tresamere luy a este gran	passion tres amere luy a este gran¬
De la uisitation	De la visitation
dement dure/ quant en ses tor¬	dement dure/ quant en ses tor¬
mens ou tous crioyẽt cõtre luy/	mens ou tous crioyent contre luy/
sans grosses iniures/ faisãs du	sans grosses injures/ faisans du
pis quilz pouuoyent/ contrainct	pis qu’ilz pouvoyent/ contrainct
par les durs tormens cryoit/	par les durs tormens cryoit/
Mon dieu/ Mon dieu pourquoy	Mon dieu/ Mon dieu pourquoy
lheure de la passion estre prochai¬	l’heure de la passion estre prochai¬
ne/ estoit triste iusques a la mort:	ne/ estoit triste jusques a la mort:
⁊ en priant le pere q̃ la mort pas¬	et en priant le pere que la mort pas¬
sast/ il sua sang ⁊ eaue de destresse	sast/ il sua sang et eaue de destresse
lit ce saĩct corps de Iesus estoit/	lit ce sainct corps de Jesus estoit/
Nestoit il point pendu en une du	N’estoit il point pendu en une du¬
re croix? La saincte teste/ q̃l che¬	re croix? La saincte teste/ quel che¬
uet elle auoit poͬ reposer? il ny a	vet elle avoit pour reposer? il n’y a
nee/ les bras/ maĩs/ iãbes ⁊ piedz/	nee/ les bras/ mains/ jambes et piedz/
des malades.	des malades.
cõment seruent pour soulaiger le	comment servent pour soulaiger le
corps plain de tormẽt: affin q̃ lasse	corps plain de torment: affin que lasse
lautre? tout nest il pas attache et	l’autre? tout n’est il pas attache et
de gros cloux cloue cruellemẽt?	de gros cloux cloue cruellement?
Quel apprestemẽt faict on a ce	Quel apprestement faict on a ce
tresbon ⁊ tres grãd sauueur pour	tres bon et tres grand sauveur pour
gros tormẽt il est tant trauaille/	gros torment il est tant travaille/
⁊ des douleͬs la bouche toute sei¬	et des douleurs la bouche toute sei¬
che ⁊ il meurt de soif? Il ny a q̃ du	che et il meurt de soif? Il n’y a que du
fiel/ du uinaigre/ ⁊ de la myrrhe.	fiel/ du vinaigre/ et de la myrrhe.
ce bon sauueur? Rien que toute	ce bon sauveur? Rien que toute
peine/ douleur/ gros tormẽt ⁊ an¬	peine/ douleur/ gros torment et an¬
goisse. A quoy doibt regarder le	goisse. A quoy doibt regarder le
malade qͥ nest ainsi traicte/ ne si	malade qui n’est ainsi traicte/ ne si
este pour nous/ dequoy il en doibt	este pour nous/ dequoy il en doibt
De la uisitation	De la visitation
rendre graces a dieu/ de ce qͥl luy	rendre graces a dieu/ de ce qu’il luy
a pleu de liurer ce bon sauueur a	a pleu de livrer ce bon sauveur a
misericorde/ ⁊ grace au nom de ce	misericorde/ et grace au nom de ce
bon Iesus: ⁊ auoir parfaicte ꝯfiã	bon Jesus: et avoir parfaicte confian¬
ce ⁊ asseurance/ q̃ nostre pere de sa	ce et asseurance/ que nostre pere de sa
bõte luy pardonne: car il est tout	bonte luy pardonne: car il est tout
ire/ prõpt a misericorde/ soy recõ¬	ire/ prompt a misericorde/ soy recom¬
mandãt ⁊ cõmettãt du tout en la	mandant et commettant du tout en la
main du seigñr/ qui selon sa bõne	main du seigneur/ qui selon sa bonne
uolunte/ face son bon plaisir du	volunte/ face son bon plaisir du
nestant le malade/ quil face a son	nestant le malade/ qu’il face a son
ꝓchain/ cõme il uouldroit quõ luy	prochain/ comme il vouldroit qu’on luy
fist/ sãs auoir tort de persõne. Re¬	fist/ sans avoir tort de personne. Re¬
gardant aussi de donner tel ordre	gardant aussi de donner tel ordre
qͥlz nayent point de plait ⁊ debat	qu’ilz n’ayent point de plait et debat
des malades.	des malades.
apres sa mort/ si dieu lappelle de	apres sa mort/ si dieu l’appelle de
ce mõde/ ordonnant du tout cõme	ce monde/ ordonnant du tout comme
iamais il ne oublie nostre seigñr	jamais il ne oublie nostre seigneur
⁊ qͥl ne se desfie de sa grãde mise¬	et qu’il ne se desfie de sa grande mise¬
ricorde: mais en toutes ses affli¬	ricorde: mais en toutes ses affli¬
ctiõs ⁊ angoisses/cõtinuellement	ctions et angoisses/ continuellement
a nostre pere/ auq̃l seul il aye tou¬	a nostre pere/ auquel seul il aye tou¬
te sa fiãce. Telles ⁊ semblables	te sa fiance. Telles et semblables
admonitiõs fera le uray seruiteur	admonitions fera le vray serviteur
de dieu/ regardãt cõme il est expe	de dieu/ regardant comme il est expe¬
ses bõnes oeuures qͥl a faict/ luy	ses bonnes oeuvres qu’il a faict/ luy
mõstrant q̃ par icelles il ne peult	monstrant que par icelles il ne peult
euiter le iugemẽt qͥl ne soit condẽ	eviter le jugement qu’il ne soit condem¬
ne deuãt dieu: ⁊ q̃ tout ne luy ser¬	ne devant dieu: et que tout ne luy ser¬
misericorde ⁊ grace/ par laq̃lle il	misericorde et grace/ par laquelle il
De la uisitation	De la visitation
doibt esperer salut en Iesuchrist/	doibt esperer salut en Jesuchrist/
⁊ nõ en aultre/ ne par aultre cho¬	et non en aultre/ ne par aultre cho¬
recongnoissant poure pecheur/ ⁊	recongnoissant povre pecheur/ et
coulpable de la mort eternelle.	coulpable de la mort eternelle.
Sil a peur du iugement de	S’il a peur du jugement de
dieu/ de lire ⁊ fureur diceluy/ luy	dieu/ de l’ire et fureur d’iceluy/ luy
ses q̃ nostre seigñr a faict a tous	ses que nostre seigneur a faict a tous
ceulx qͥ uiẽnẽt a luy ⁊ linuocquẽt	ceulx qui viennent a luy et l’invocquent
de cueur: ⁊ cõme par nr̃e sauueur	de cueur: et comme par nostre sauveur
Iesus/ le pere nous promet pardõ	Jesus/ le pere nous promet pardon
fidelemẽt trauailler le uray euan	fidelement travailler le vray evan¬
gelisateur pour attirer/ ⁊ amener	gelisateur pour attirer/ et amener
le poure malade a nostre seigñr/	le povre malade a nostre seigneur/
admõnestãt les domesticques qui	admonnestant les domesticques qui
ler ⁊ exhorter en nostre seigneur.	ler et exhorter en nostre seigneur.
des malades.	des malades.
Et si le ministre a q̃lque chose de	Et si le ministre a quelque chose de
quoy il le puisse cõsoler aussi cor¬	quoy il le puisse consoler aussi cor¬
tures/ ou aultre chose/ il nespar¬	tures/ ou aultre chose/ il n’espar¬
gnera rien/ monstrãt a tous uray	gnera rien/ monstrant a tous vray
exẽple de charite/ uisitant souuẽ¬	exemple de charite/ visitant souven¬
tesfoys le malade pour le cõsoler	tesfoys le malade pour le consoler
la parolle de nostre seigneur: ⁊ de	la parolle de nostre seigneur: et de
tout ce quil pourra/ aydãt au po¬	tout ce qu’il pourra/ aydant au po¬
ure corps afflige.	vre corps afflige.
¶ Apres le deces/ par sainctes	¶ Apres le deces/ par sainctes
ge aux suruiuãs de louer dieu/ et	ge aux survivans de louer dieu/ et
soy conformer a sa saincte uolun	soy conformer a sa saincte volun¬
te: ⁊ au lieu que parauant a la po¬	te: et au lieu que paravant a la po¬
ure uefue desolee/ qui auoit perdu	vre vefve desolee/ qui avoit perdu
tout plain dargent pour chãter/ ⁊	tout plain d’argent pour chanter/ et
De la uisitation	De la visitation
manger ce pendant quelle plou¬	manger ce pendant qu’elle plou¬
roit et ieusnoit/ ⁊ aussi aux orphe	roit et jeusnoit/ et aussi aux orphe¬
dommaige sur dommaige/ ayãt	dommaige sur dommaige/ ayant
pitie deulx leur fault ayder de cõ	pitie d’eulx leur fault ayder de con¬
seil ⁊ de biẽs/ ainsi que nostre sei¬	seil et de biens/ ainsi que nostre sei¬
gneur en donne le pouuoir. Ta¬	gneur en donne le pouvoir. Ta¬
instruictz en la doctrine de dieu/	instruictz en la doctrine de dieu/
affin quilz uiuẽt chrestiennemẽt	affin qu’ilz vivent chrestiennement
suyuans les commandemens de	suyvans les commandemens de
dieu/ trauaillans pour leur uie	dieu/ travaillans pour leur vie
¶ Le pere de toute misericor¬	¶ Le pere de toute misericor¬
de ameine tous a la parfaicte cõ¬	de ameine tous a la parfaicte con¬
gnoissance de uerite/ donnant a	gnoissance de verite/ donnant a
tous ung mesme cueur ⁊ esperit/	tous ung mesme cueur et esperit/
seul en esperit ⁊ uerite/ laymant	seul en esperit et verite/ l’aymant
des malades.	des malades.
sur tout/ ⁊ poͬ lamour de luy ung	sur tout/ et pour l’amour de luy ung
chascun son ꝓchain/ cõe le seigñr	chascun son prochain/ comme le seigneur
Mar.1.B.	Mar.1.B.
Retournez uous ⁊ croyez	Retournez vous et croyez
a leuangile.	a l’evangile.
Matth.11.D.	Matth.11.D.
gez/ ⁊ ie uous soulageray.	gez/ et je vous soulageray.
Roma.1.B.	Roma.1.B.
Ie nay point honte de leuãgile/	Je n’ay point honte de l’evangile/
car il est puissãce de dieu pour	car il est puissance de dieu pour
¶ Imprime par Pierre de uingle	¶ Imprime par Pierre de vingle
a Neufchastel/ le .xxix. iour	a Neufchastel/ le .xxix. jour
Daoust. Lan .1533.	D’aoust. L’an .1533.
